,player_id,first_name,second_name,position,curr_price,ownership_percent,chance_of_playing_next_round,fixture_difficulty,predicted_points
55,358.0,Tanaka,Ao,3,4.8,0.2,100.0,1,5.716604742786318
73,698.0,Noah,Okafor,3,5.6,2.5,75.0,1,5.715609800467551
161,706.0,James,Justin,2,3.9,2.0,100.0,1,5.457514261305626
240,354.0,Ethan,Ampadu,3,4.9,0.6,100.0,1,5.339252134734016
88,343.0,Pascal,Struijk,2,4.3,3.2,100.0,1,5.176165377424677
26,237.0,Enzo,Fernández,3,6.5,11.3,100.0,3,5.154617228185433
52,344.0,Jaka,Bijol,2,3.9,1.1,75.0,1,5.1439209332055755
633,449.0,Bruno,Borges Fernandes,3,10.4,47.1,100.0,3,5.076842702146098
489,136.0,Igor Thiago,Nascimento Rodrigues,4,7.4,35.2,100.0,2,5.045123222243844
59,691.0,Dominic,Calvert-Lewin,4,5.7,12.8,100.0,1,5.018719542128019
113,430.0,Erling,Haaland,4,14.6,60.8,100.0,3,4.862871077710014
239,342.0,Jayden,Bogle,2,4.4,0.7,100.0,1,4.838071457804763
41,235.0,Cole,Palmer,3,10.5,16.3,100.0,3,4.785283504757583
782,113.0,Sepp,van den Berg,2,4.5,1.2,100.0,2,4.74824938342653
203,100.0,Junior,Kroupi,4,4.6,5.7,100.0,3,4.633291549747361
94,417.0,Rayan,Cherki,3,6.5,14.4,100.0,3,4.49469768210066
38,178.0,Danny,Welbeck,4,6.3,7.7,100.0,3,4.3922856584967365
406,64.0,Ollie,Watkins,4,8.8,15.6,100.0,3,4.355206881414233
288,101.0,Caoimhín,Kelleher,1,4.8,12.6,100.0,2,4.326162874597657
503,517.0,Elliot,Anderson,3,5.6,7.3,100.0,3,4.175833853363762
377,450.0,Matheus,Santos Carneiro da Cunha,3,8.1,8.1,75.0,3,4.1739603541026815
226,416.0,Bernardo,Mota Veiga de Carvalho e Silva,3,6.2,0.6,100.0,3,4.09266546472055
313,552.0,Noah,Sadiki,3,4.9,0.1,100.0,2,4.040557389859331
173,411.0,Nico,O'Reilly,2,5.2,17.2,100.0,3,4.035204822431292
706,666.0,Viktor,Gyökeres,4,8.8,12.1,100.0,3,3.9983043779625795
144,90.0,Alex,Scott,3,5.1,2.5,100.0,3,3.98917004519463
482,26.0,Martín,Zubimendi Ibáñez,3,5.0,3.1,100.0,3,3.9620078228182285
205,163.0,Jack,Hinshelwood,3,5.1,0.5,100.0,3,3.916735450449154
445,120.0,Kevin,Schade,3,6.9,1.7,100.0,2,3.907155204082285
784,257.0,Maxence,Lacroix,2,5.1,5.9,100.0,4,3.87146465364932
767,544.0,Habib,Diarra,3,5.3,0.2,100.0,2,3.8280927951373367
790,299.0,Iliman,Ndiaye,3,6.2,4.5,100.0,4,3.814482589074178
648,5.0,Gabriel,dos Santos Magalhães,2,7.2,44.2,100.0,3,3.7750070776893407
753,21.0,Declan,Rice,3,7.2,24.3,100.0,3,3.768544895199899
572,515.0,Morgan,Gibbs-White,3,7.6,12.1,100.0,3,3.73572481195742
231,82.0,Antoine,Semenyo,3,8.2,50.5,100.0,3,3.7162716756173158
208,200.0,Jaidon,Anthony,3,5.0,1.9,100.0,3,3.6827799692858254
517,20.0,Leandro,Trossard,3,6.5,0.8,100.0,3,3.6705240292664674
158,418.0,Jérémy,Doku,3,6.4,2.7,100.0,3,3.6699963815935543
193,160.0,Yankuba,Minteh,3,5.5,2.4,100.0,3,3.634298567194911
527,384.0,Cody,Gakpo,3,7.3,5.6,100.0,4,3.617829754682117
286,54.0,John,McGinn,3,5.3,0.7,100.0,3,3.6097013076551856
733,502.0,Matz,Sels,1,4.6,4.9,100.0,3,3.593514400032432
78,157.0,Mitoma,Kaoru,3,6.1,2.2,100.0,3,3.593332574784589
135,215.0,Zian,Flemming,4,5.3,0.3,100.0,3,3.5621772846926523
364,242.0,Kiernan,Dewsbury-Hall,3,5.2,6.0,100.0,4,3.5330488519207948
99,87.0,Ryan,Christie,3,4.9,0.2,100.0,3,3.521549668983186
697,568.0,Pedro,Porro Sauceda,2,5.2,10.6,100.0,4,3.45009574169831
16,84.0,Marcus,Tavernier,3,5.4,5.2,100.0,3,3.4434689952727884
565,129.0,Yehor,Yarmoliuk,3,5.0,0.1,100.0,2,3.438253692087212
5,151.0,Jan Paul,van Hecke,2,4.6,10.0,100.0,3,3.4247661951302035
280,16.0,Bukayo,Saka,3,9.8,7.4,100.0,3,3.388829378631329
613,668.0,Granit,Xhaka,3,5.1,3.3,100.0,2,3.3611324583170124
523,267.0,Ismaïla,Sarr,3,6.3,4.4,100.0,4,3.346922360872594
700,606.0,Konstantinos,Mavropanos,2,4.5,2.1,100.0,3,3.341070058052323
323,256.0,Daniel,Muñoz Mejía,2,5.8,8.7,100.0,4,3.3100010007980427
738,634.0,Yerson,Mosquera Valdelamar,2,4.3,0.1,100.0,2,3.294530050077156
6,158.0,Georginio,Rutter,3,5.6,0.3,100.0,3,3.286247424600651
720,291.0,James,Tarkowski,2,5.7,11.8,100.0,4,3.2614558979978225
345,633.0,Hugo,Bueno López,2,4.3,0.2,100.0,2,3.260571438770053
461,508.0,Neco,Williams,2,4.8,4.5,100.0,3,3.205440004075674
600,457.0,Carlos Henrique,Casimiro,3,5.8,4.5,100.0,3,3.2036335044181334
664,473.0,Lewis,Hall,2,5.4,3.6,100.0,3,3.201261540862789
275,785.0,Pablo Felipe,Pereira de Jesus,4,5.4,0.0,100.0,3,3.184000962072001
224,236.0,Pedro,Lomba Neto,3,7.0,4.3,100.0,3,3.1778756968832598
120,72.0,Marcos,Senesi Barón,2,5.2,20.8,100.0,3,3.1761715880614148
509,636.0,Santiago,Ignacio Bueno,2,4.4,0.1,100.0,2,3.175894691750738
413,382.0,Florian,Wirtz,3,8.3,9.1,100.0,4,3.1742567564740636
79,166.0,Yasin,Ayari,3,4.8,0.4,100.0,3,3.1180222415836685
299,388.0,Curtis,Jones,3,5.4,0.1,100.0,4,3.0732055915225347
338,507.0,Ola,Aina,2,4.7,2.4,75.0,3,3.048851178457867
199,407.0,Matheus,Nunes,2,5.3,2.9,100.0,3,3.038830083192783
466,603.0,El Hadji Malick,Diouf,2,4.1,2.5,100.0,3,3.0292539765407978
399,725.0,Piero,Hincapié,2,5.1,1.0,100.0,3,3.0253788594407323
394,646.0,João Victor,Gomes da Silva,3,5.3,0.4,100.0,2,3.0164344849592646
736,613.0,Tomáš,Souček,3,5.7,0.4,100.0,3,3.0046804876264828
115,614.0,James,Ward-Prowse,3,5.6,0.2,100.0,3,3.002850902197062
757,261.0,Chris,Richards,2,4.4,2.6,100.0,4,3.000354967981313
442,83.0,Dango,Ouattara,3,5.8,2.2,100.0,2,2.9926820207119325
665,475.0,Sven,Botman,2,4.9,0.4,100.0,3,2.987051272865038
731,488.0,Bruno,Guimarães Rodriguez Moura,3,6.8,4.7,100.0,3,2.9702627577751026
157,406.0,Abdukodir,Khusanov,2,5.4,0.6,100.0,3,2.9646829354771675
668,526.0,Igor Jesus,Maciel da Cruz,4,5.9,2.1,100.0,3,2.961550434962371
754,31.0,Gabriel,Fernando de Jesus,4,6.4,0.3,100.0,3,2.9600551962092982
40,230.0,Wesley,Fofana,2,4.4,0.4,100.0,3,2.9542170388887743
213,228.0,Malo,Gusto,2,4.9,2.0,100.0,3,2.928729211803073
153,260.0,Marc,Guéhi,2,5.1,32.7,100.0,3,2.9277110929318515
584,683.0,Omar,Alderete,2,4.1,5.8,100.0,2,2.925206754124298
114,493.0,Sean,Longstaff,3,4.8,0.2,100.0,1,2.9043823633177586
381,485.0,Anthony,Gordon,3,7.4,4.1,75.0,3,2.8909995599714344
525,329.0,Harry,Wilson,3,6.0,20.3,100.0,5,2.8840820891157257
721,292.0,Vitalii,Mykolenko,2,4.9,0.7,100.0,4,2.8791611226443363
89,351.0,Wilfried,Gnonto,3,5.1,0.1,100.0,1,2.844815530339005
383,500.0,William,Osula,4,5.4,0.6,100.0,3,2.8406028630409805
608,539.0,Luke,O'Nien,2,4.0,0.1,100.0,2,2.8338756041559834
690,293.0,Jake,O'Brien,2,4.9,0.7,100.0,4,2.810279250555569
179,97.0,Francisco Evanilson,de Lima Barbosa,4,6.7,2.5,100.0,3,2.8035523512516263
334,443.0,Luke,Shaw,2,4.5,0.9,75.0,3,2.793845956435303
151,224.0,Marc,Cucurella Saseta,2,6.1,14.9,100.0,3,2.789003807974388
441,48.0,Youri,Tielemans,3,5.9,0.7,100.0,3,2.784493152418202
48,191.0,Maxime,Estève,2,3.9,6.9,100.0,3,2.7714909954168023
468,643.0,André,Trindade da Costa Neto,3,5.2,0.1,100.0,2,2.75888023072234
649,7.0,Riccardo,Calafiori,2,5.6,5.8,100.0,3,2.7414003666063818
530,444.0,Leny,Yoro,2,4.1,1.3,100.0,3,2.741130398020284
122,167.0,Carlos,Baleba,3,4.5,1.5,100.0,3,2.734306716935837
439,36.0,Matty,Cash,2,4.7,8.2,100.0,3,2.7116886268275686
159,672.0,Jorrel,Hato,2,4.6,0.2,100.0,3,2.709485978620292
136,250.0,Liam,Delap,4,6.2,0.9,100.0,3,2.7072147384802383
586,708.0,Mateus Gonçalo,Espanha Fernandes,3,5.5,0.4,100.0,3,2.7022100109028164
21,173.0,Mats,Wieffer,3,4.9,0.5,100.0,3,2.688982831843683
331,374.0,Ibrahima,Konaté,2,5.5,4.1,100.0,4,2.6844818711344938
537,525.0,Chris,Wood,4,7.1,4.6,100.0,3,2.683504181708427
127,241.0,Moisés,Caicedo Corozo,3,5.7,7.3,100.0,3,2.6739176557261386
311,547.0,Enzo,Le Fée,3,4.8,1.6,100.0,2,2.672673996260844
92,402.0,Rayan,Aït-Nouri,2,5.7,4.2,100.0,3,2.657917517526372
759,302.0,Idrissa Gana,Gueye,3,5.4,0.1,100.0,4,2.6500983417272064
591,119.0,Bryan,Mbeumo,3,8.4,16.3,100.0,3,2.645758356709553
632,440.0,Diogo,Dalot Teixeira,2,4.6,4.2,100.0,3,2.64266066614518
589,6.0,William,Saliba,2,6.1,15.1,100.0,3,2.61761730497005
259,447.0,Ayden,Heaven,2,3.7,2.4,100.0,3,2.589767115654403
751,17.0,Martin,Ødegaard,3,7.8,1.6,75.0,3,2.574169820838126
382,490.0,Joelinton Cássio,Apolinário de Lira,3,5.9,0.3,100.0,3,2.55535087134042
17,86.0,David,Brooks,3,5.0,0.2,100.0,3,2.5544318398395625
715,37.0,Lucas,Digne,2,4.5,1.6,100.0,3,2.5519503483711623
95,470.0,Martin,Dúbravka,1,4.0,27.2,100.0,3,2.4877497360132264
285,52.0,Jacob,Ramsey,3,5.3,0.2,100.0,3,2.483626970819153
473,681.0,Benjamin,Sesko,4,7.3,6.0,100.0,3,2.4580872898154498
251,55.0,Ross,Barkley,3,4.8,0.1,100.0,3,2.4331148738119848
222,193.0,Bashir,Humphreys,2,3.9,0.1,100.0,3,2.425082738174621
211,220.0,Robert,Lynch Sánchez,1,4.8,11.6,100.0,3,2.419867928812026
217,85.0,Tyler,Adams,3,4.9,0.3,100.0,3,2.395621509844903
290,273.0,Adam,Wharton,3,5.0,0.6,100.0,4,2.3938996479962817
346,642.0,Hwang,Hee-chan,3,5.6,0.1,100.0,2,2.389602231317006
566,266.0,Eberechi,Eze,3,7.2,8.5,100.0,3,2.362871555671576
576,575.0,Micky,van de Ven,2,4.4,17.8,100.0,4,2.339863539209436
314,574.0,Destiny,Udogie,2,4.3,0.3,100.0,4,2.333833413864093
768,553.0,Chemsdine,Talbi,3,4.9,0.2,100.0,2,2.328338946592325
681,38.0,Ezri,Konsa Ngoyo,2,4.4,7.7,100.0,3,2.3283241653622824
730,476.0,Dan,Burn,2,5.0,3.4,100.0,3,2.315461597230743
336,452.0,Amad,Diallo,3,6.2,1.3,100.0,3,2.3148442702998677
609,584.0,Mathys,Tel,3,6.2,0.1,100.0,4,2.3064687316757433
420,570.0,Kevin,Danso,2,4.2,0.2,100.0,4,2.2952583961789936
601,458.0,Kobbie,Mainoo,3,4.7,1.0,100.0,3,2.2878502121537827
776,644.0,Jean-Ricner,Bellegarde,3,5.1,0.0,100.0,2,2.2818020067848495
401,19.0,Gabriel,Martinelli Silva,3,6.8,0.9,100.0,3,2.278756059996759
407,111.0,Ethan,Pinnock,2,4.2,0.1,100.0,2,2.264788364469859
728,390.0,Ryan,Gravenberch,3,5.4,3.9,100.0,4,2.251750020014612
183,348.0,Joe,Rodon,2,3.9,2.9,100.0,1,2.25170358377977
49,209.0,Josh,Laurent,3,4.8,0.0,100.0,3,2.2480568485175714
149,206.0,Marcus,Edwards,3,4.7,0.1,100.0,3,2.240390005027756
752,18.0,Noni,Madueke,3,6.8,0.8,100.0,3,2.2335979482896597
362,121.0,Mikkel,Damsgaard,3,5.6,0.8,100.0,2,2.2287502800667762
726,318.0,Calvin,Bassey,2,4.4,0.6,100.0,5,2.225856695290649
306,527.0,Taiwo,Awoniyi,4,5.2,0.3,100.0,3,2.2123520238545744
197,226.0,Trevoh,Chalobah,2,5.4,9.4,100.0,3,2.205689465666036
374,332.0,Saša,Lukić,3,4.9,0.1,100.0,5,2.203227667380434
816,816.0,Angel,Gomes,3,4.6,0.0,100.0,2,2.190652392891695
447,243.0,Tyrique,George,3,4.8,0.1,100.0,4,2.1808572071990397
812,700.0,Max,Dowman,3,4.2,0.8,100.0,3,2.1704888062771808
555,712.0,Yéremy,Pino Santos,3,5.8,0.2,100.0,4,2.167221286850482
195,187.0,Kyle,Walker,2,4.4,1.1,100.0,3,2.163011910309023
805,615.0,Crysencio,Summerville,3,5.5,1.4,100.0,3,2.1504267913767308
691,317.0,Joachim,Andersen,2,4.5,4.3,100.0,5,2.1301659480886537
641,637.0,Toti,Gomes,2,4.2,0.1,100.0,2,2.1057558474973788
294,316.0,Antonee,Robinson,2,4.9,0.8,100.0,5,2.101991403300736
606,491.0,Sandro,Tonali,3,5.3,1.1,100.0,3,2.1016249679159498
328,337.0,Raúl,Jiménez Rodríguez,4,6.0,2.0,100.0,5,2.0943252946120015
708,694.0,Nordi,Mukiele,2,4.6,8.7,100.0,2,2.088625453867139
703,654.0,Jørgen,Strand Larsen,4,5.9,1.5,100.0,4,2.080632869164032
320,41.0,Pau,Torres,2,4.3,0.3,100.0,3,2.076268763811811
804,597.0,Richarlison,de Andrade,4,6.3,5.6,100.0,4,2.069424432322268
689,276.0,Justin,Devenny,3,4.3,1.1,100.0,4,2.0622856413963833
256,271.0,Daichi,Kamada,3,5.0,0.1,100.0,4,2.0576334142822623
225,413.0,Omar,Marmoush,3,8.3,2.5,100.0,3,2.0565324918514007
265,489.0,Jacob,Murphy,3,5.9,0.6,100.0,3,2.0449053769011036
745,719.0,Victor,Lindelöf,2,4.5,0.1,100.0,3,2.0252115385130036
139,676.0,Lesley,Ugochukwu,3,5.0,0.1,100.0,3,2.025190099386107
155,365.0,Lukas,Nmecha,4,5.0,0.6,100.0,1,2.0230026307202102
300,424.0,Oscar,Bobb,3,5.1,0.2,100.0,5,2.0217894233832423
531,456.0,Jadon,Sancho,3,5.8,0.2,100.0,3,2.014131055014053
727,338.0,Rodrigo,Muniz Carvalho,4,5.3,0.7,100.0,5,2.0114849623056914
732,499.0,Alexander,Isak,4,10.3,4.3,100.0,4,2.0036046258576916
303,486.0,Anthony,Elanga,3,6.5,2.7,100.0,3,2.0009285468432023
403,33.0,Marco,Bizot,1,4.2,0.4,100.0,3,1.9994929934354397
324,304.0,Tim,Iroegbunam,3,4.8,0.0,100.0,4,1.984285922547033
250,32.0,Emiliano,Martínez Romero,1,5.1,4.7,100.0,3,1.9785107557703343
662,442.0,Harry,Maguire,2,4.4,1.3,100.0,3,1.9735369263008589
156,391.0,Ben,Gannon-Doak,3,4.8,0.0,100.0,3,1.9684541662309478
180,152.0,Joël,Veltman,2,4.3,0.1,100.0,3,1.9638068931824513
500,497.0,Lewis,Miley,3,4.4,1.9,100.0,3,1.9610495073029701
11,247.0,Dário,Luís Essugo,3,4.3,0.1,100.0,3,1.9584374698368017
582,670.0,Robin,Roefs,1,4.8,8.6,100.0,2,1.958251828971003
373,325.0,Emile,Smith Rowe,3,5.6,0.5,100.0,5,1.9519127367349942
559,796.0,Conor,Gallagher,3,5.0,0.1,100.0,4,1.9494346937540727
701,635.0,Rodrigo,Martins Gomes,2,4.4,0.1,100.0,2,1.9468776997068868
392,632.0,Matt,Doherty,2,4.4,0.1,100.0,2,1.9457433142278975
174,415.0,Sávio,Moreira de Oliveira,3,6.9,0.4,100.0,3,1.9450050825508003
465,560.0,Wilson,Isidor,4,5.0,1.4,100.0,2,1.944958802490165
70,244.0,Roméo,Lavia,3,4.9,0.0,100.0,3,1.9407043563099093
580,629.0,Daniel,Bentley,1,3.9,0.5,100.0,2,1.9142089322331703
267,591.0,Archie,Gray,3,4.8,0.2,100.0,4,1.9068422715801316
266,587.0,Yves,Bissouma,3,5.2,0.0,100.0,4,1.9035969836467102
388,585.0,Rodrigo,Bentancur,3,5.2,0.2,100.0,4,1.9026250279053698
687,254.0,Walter,Benítez,1,3.9,0.3,100.0,4,1.901733425393023
755,50.0,Emiliano,Buendía Stati,3,5.3,0.4,100.0,3,1.8589330108721756
494,370.0,Jeremie,Frimpong,2,5.7,5.1,100.0,4,1.8575053849737637
651,11.0,Benjamin,White,2,5.1,0.5,100.0,3,1.8506991831673323
400,726.0,Randal,Kolo Muani,4,6.9,0.4,100.0,4,1.849278677635494
317,662.0,Cristhian,Mosquera,2,5.3,0.2,100.0,3,1.846844657214089
366,270.0,Will,Hughes,3,4.7,0.1,100.0,4,1.843213070560829
808,673.0,João Maria,Lobo Alves Palhares Costa Palhinha Gonçalves,3,5.5,0.8,100.0,4,1.8405712909471188
448,262.0,Chadi,Riad Dnanou,2,4.0,0.0,100.0,4,1.83872726173303
543,586.0,Lucas,Bergvall,3,5.2,0.2,100.0,4,1.8330519089819843
228,680.0,Armando,Broja,4,5.2,0.1,100.0,3,1.8221926003419926
409,263.0,Nathaniel,Clyne,2,3.8,0.5,100.0,4,1.8137860200038072
792,335.0,Josh,King,3,4.4,1.7,100.0,5,1.8046478220556348
497,438.0,Noussair,Mazraoui,2,4.9,0.2,100.0,3,1.7949753775180748
541,541.0,Reinildo,Mandava,2,3.8,2.9,100.0,2,1.7931955329958311
246,734.0,Dilane,Bakwa,3,5.9,0.0,100.0,3,1.7858925098184033
50,225.0,Reece,James,2,5.6,5.9,75.0,3,1.7763482717570533
235,217.0,Lyle,Foster,4,4.9,0.8,100.0,3,1.775323463400381
771,581.0,James,Maddison,3,6.8,0.1,100.0,4,1.7730843230509807
421,572.0,Radu,Drăgușin,2,4.5,0.0,100.0,4,1.7730843230509807
796,478.0,Kieran,Trippier,2,4.9,1.4,100.0,3,1.763722319884418
624,800.0,Djiamgone Jocelin Ta,Bi,3,4.9,0.0,75.0,2,1.7586051680066452
540,535.0,Dennis,Cirkin,2,4.0,0.0,100.0,2,1.7586051680066452
310,546.0,Milan,Aleksić,3,4.9,0.0,100.0,2,1.7586051680066452
490,272.0,Jefferson,Lerma Solís,3,4.9,0.1,100.0,4,1.7573346973746904
746,728.0,Merlin,Röhl,3,5.0,0.0,100.0,4,1.7561880191964923
783,135.0,Yoane,Wissa,4,7.3,0.6,100.0,3,1.7557345153712725
128,423.0,Nico,González Iglesias,3,5.9,0.1,100.0,3,1.7548445032297708
415,469.0,Nick,Pope,1,5.0,4.3,100.0,3,1.7471064225419397
351,727.0,Samuel,Chukwueze,3,5.3,0.1,100.0,5,1.743980370034175
569,385.0,Federico,Chiesa,3,6.3,0.3,100.0,4,1.7423544095190093
472,667.0,Adam,Aznou,2,4.2,0.1,100.0,4,1.7337263166896766
370,301.0,Carlos,Alcaraz Durán,3,5.2,0.1,100.0,4,1.7337263166896766
789,288.0,Mark,Travers,1,4.2,0.1,100.0,4,1.7337263166896766
292,305.0,Harrison,Armstrong,3,4.5,0.1,100.0,4,1.7337263166896766
630,296.0,Nathan,Patterson,2,4.4,0.0,100.0,4,1.7337263166896766
593,294.0,Séamus,Coleman,2,4.2,0.1,100.0,4,1.7337263166896766
597,378.0,Amara,Nallo,2,3.7,0.9,100.0,4,1.7337263166896766
510,640.0,Pedro,Cardoso de Lima,2,4.0,0.4,100.0,2,1.73206172979055
281,27.0,Reiss,Nelson,3,4.8,0.1,100.0,2,1.7317164134424186
663,455.0,Mason,Mount,3,5.9,0.3,100.0,3,1.7288457608070458
298,386.0,Alexis,Mac Allister,3,6.2,2.0,100.0,4,1.7277934390013645
453,326.0,Adama,Traoré Diarra,3,5.1,0.2,100.0,3,1.7262223413515918
717,125.0,Vitaly,Janelt,3,4.9,0.1,75.0,2,1.7228474057630927
612,657.0,Leon,Chiwome,4,4.4,0.0,100.0,2,1.7222158974489266
431,748.0,Josh,Dasilva,3,4.9,0.0,100.0,2,1.721870581100795
444,116.0,Aaron,Hickey,2,4.0,0.3,100.0,2,1.721870581100795
478,797.0,Kaye,Furo,4,4.5,0.0,100.0,2,1.721870581100795
192,98.0,Enes,Ünal,4,5.4,0.0,100.0,3,1.7190608875300661
91,362.0,Joël,Piroe,4,4.9,0.3,100.0,1,1.7184734869267253
814,792.0,Alysson Edward Franco,da Rocha dos Santos,3,5.0,0.0,100.0,3,1.7103718356360895
693,441.0,Patrick,Dorgu,2,4.1,2.4,100.0,3,1.7103718356360895
440,42.0,Andrés,García,2,3.9,0.2,100.0,3,1.7103718356360895
779,755.0,Shea,Lacey,3,4.5,0.0,100.0,3,1.7103718356360895
258,389.0,Harvey,Elliott,3,5.1,0.2,100.0,3,1.7103718356360895
570,400.0,Stefan,Ortega Moreno,1,4.7,0.2,100.0,3,1.7077484161806356
640,623.0,Freddie,Potts,3,4.3,0.5,100.0,3,1.7077484161806356
774,608.0,Ollie,Scarles,2,4.3,0.0,100.0,3,1.7077484161806356
773,600.0,Alphonse,Areola,1,4.2,1.9,100.0,3,1.7077484161806356
740,675.0,Angus,Gunn,1,4.0,1.1,100.0,3,1.7077484161806356
807,669.0,Dan,Ndoye,3,5.5,0.7,75.0,3,1.7077484161806356
462,523.0,Eric,da Silva Moreira,3,4.5,0.1,100.0,3,1.7077484161806356
430,738.0,Lukasz,Fabianski,1,4.5,0.0,100.0,3,1.7077484161806356
811,690.0,Rio,Cardines,3,4.4,0.3,100.0,4,1.7069764448533533
365,265.0,Caleb,Kporha,2,4.0,0.0,100.0,4,1.7069764448533533
522,259.0,Borna,Sosa,2,4.8,0.1,100.0,4,1.7069764448533533
627,40.0,Tyrone,Mings,2,4.3,0.6,100.0,3,1.7067142944152691
20,164.0,Matt,O'Riley,3,5.5,0.3,100.0,3,1.7043513220065658
198,252.0,Marc,Guiu Paz,4,4.0,5.0,100.0,3,1.7016695724153224
526,336.0,Harrison,Reed,3,4.3,0.3,100.0,5,1.700550768633318
109,345.0,Sebastiaan,Bornauw,2,3.8,0.1,100.0,1,1.6973178121645256
184,353.0,Daniel,James,3,5.2,0.1,100.0,1,1.6973178121645256
167,168.0,Facundo,Buonanotte,3,4.6,0.1,100.0,1,1.6973178121645256
227,665.0,Lucas Estella,Perri,1,4.4,0.3,100.0,1,1.6973178121645256
23,202.0,Jacob,Bruun Larsen,3,5.2,0.0,100.0,3,1.694825315841936
84,214.0,Mike,Trésor Ndayishimiye,3,4.3,0.1,100.0,3,1.6930414795859896
330,371.0,Milos,Kerkez,2,5.6,3.0,75.0,4,1.6834507609075333
117,721.0,Veljko,Milosavljevic,2,4.4,0.0,100.0,3,1.683195647244366
85,233.0,Josh,Acheampong,2,3.7,1.6,100.0,3,1.683195647244366
124,195.0,Lucas,Pires Silva,2,3.8,0.3,100.0,3,1.683195647244366
14,685.0,Bafodé,Diakité,2,4.1,0.3,100.0,3,1.683195647244366
25,232.0,Tosin,Adarabioyo,2,4.0,0.3,100.0,3,1.683195647244366
24,231.0,Mamadou,Sarr,2,4.5,0.0,100.0,3,1.683195647244366
18,149.0,Igor Julio,dos Santos de Paulo,2,4.5,0.1,100.0,3,1.683195647244366
13,401.0,Marcus,Bettinelli,1,3.8,0.4,100.0,3,1.683195647244366
9,199.0,Joe,Worrall,2,3.8,0.2,100.0,3,1.683195647244366
35,80.0,Julio,Soler Barreto,2,3.9,0.2,100.0,3,1.683195647244366
72,410.0,Rico,Lewis,2,4.6,1.2,100.0,3,1.683195647244366
58,428.0,Sverre,Nypan,3,5.0,0.0,100.0,3,1.683195647244366
234,198.0,Axel,Tuanzebe,2,3.9,0.9,100.0,3,1.683195647244366
200,409.0,John,Stones,2,5.4,0.6,100.0,3,1.683195647244366
201,794.0,Max,Alleyne,2,3.9,0.0,100.0,3,1.683195647244366
190,75.0,Matai,Akinmboni,2,3.8,0.2,100.0,3,1.683195647244366
237,229.0,Benoît,Badiashile Mukinayi,2,4.4,0.0,100.0,3,1.683195647244366
212,227.0,Levi,Samuels Colwill,2,4.7,0.1,75.0,3,1.683195647244366
77,145.0,Maxim,De Cuyper,2,4.3,1.5,100.0,3,1.682512296685537
398,723.0,Jaydee,Canvot,2,4.5,0.4,100.0,4,1.682185615411917
714,24.0,Christian,Nørgaard,3,5.1,0.1,100.0,3,1.6809985443443123
667,522.0,Ryan,Yates,3,4.7,0.1,100.0,3,1.6749745537519949
31,414.0,Phil,Foden,3,8.0,7.7,100.0,3,1.6686254042647866
781,108.0,Kristoffer,Ajer,2,4.4,0.2,100.0,2,1.6669991533353357
532,466.0,Joshua,Zirkzee,4,5.8,0.4,100.0,3,1.654865964978738
32,422.0,Mateo,Kovačić,3,5.8,0.0,100.0,3,1.6507160008477297
238,246.0,Andrey,Nascimento dos Santos,3,4.5,0.3,100.0,3,1.638211875469242
131,73.0,Adam,Smith,2,4.4,0.2,100.0,3,1.6160474917114167
484,44.0,Lamare,Bogarde,2,4.0,0.5,100.0,3,1.6116785534369484
685,124.0,Jordan,Henderson,3,5.0,0.3,75.0,2,1.5817499517560076
296,376.0,Joe,Gomez,2,4.9,0.1,100.0,4,1.5577459852042426
744,714.0,Nick,Woltemade,4,6.7,6.5,100.0,3,1.5462033394073367
535,510.0,Jair,Paula da Cunha Filho,2,4.2,0.1,75.0,3,1.5208569676784063
585,699.0,Douglas Luiz,Soares de Paulo,3,4.9,0.1,100.0,3,1.5152812621748986
214,660.0,Anton,Stach,3,4.8,1.7,100.0,1,1.4972939480067753
735,573.0,Djed,Spence,2,4.1,0.9,100.0,4,1.4840366852109907
583,671.0,Callum,Wilson,4,5.8,0.5,100.0,3,1.4683189667634637
327,331.0,Tom,Cairney,3,4.8,0.0,100.0,5,1.4448704837097803
305,519.0,Nicolás,Domínguez,3,5.0,0.0,100.0,3,1.3953772496503118
658,295.0,Michael,Keane,2,4.5,2.7,100.0,4,1.3865684293639087
797,494.0,Joe,Willock,3,5.0,0.1,100.0,3,1.3792725032892164
638,610.0,Aaron,Wan-Bissaka,2,4.1,4.4,100.0,3,1.3554943634199632
359,49.0,Leon,Bailey,3,5.5,0.1,100.0,3,1.3512725719536303
463,531.0,Daniel,Ballard,2,4.7,3.2,100.0,2,1.3200446575088502
36,146.0,Lewis,Dunk,2,4.5,0.9,100.0,3,1.2914363615259998
761,322.0,Kenny,Tete,2,4.5,0.2,75.0,5,1.2146702232094144
610,609.0,Jean-Clair,Todibo,2,4.3,0.1,100.0,3,1.2040717949396529
