,player_id,first_name,second_name,position,curr_price,ownership_percent,fixture_difficulty,next_gw_fixture_cnt,predicted_points
71,430.0,Erling,Haaland,4,14.5,61.5,3,2.0,8.682420094517898
168,151.0,Jan Paul,van Hecke,2,4.6,12.4,2,2.0,8.462035552521673
498,237.0,Enzo,Fernández,3,6.5,13.1,4,2.0,7.71169146908515
197,783.0,Pascal,Groß,3,5.5,2.7,2,2.0,7.356491493719894
602,163.0,Jack,Hinshelwood,3,5.1,0.5,2,2.0,7.21939033877457
598,100.0,Junior,Kroupi,4,4.6,6.1,5,2.0,6.955732280498193
433,260.0,Marc,Guéhi,2,5.1,34.9,3,2.0,6.828938483352955
654,160.0,Yankuba,Minteh,3,5.5,3.0,2,2.0,6.447120682443713
104,169.0,Diego,Gómez Amarilla,3,4.9,1.3,2,2.0,6.441848586172243
770,82.0,Antoine,Semenyo,3,8.2,57.7,3,2.0,6.423722663113061
554,235.0,Cole,Palmer,3,10.5,21.6,4,2.0,6.371056320414917
147,691.0,Dominic,Calvert-Lewin,4,5.6,13.7,4,2.0,6.2373245565097095
553,230.0,Wesley,Fofana,2,4.4,0.5,4,2.0,5.961788955793977
601,148.0,Ferdi,Kadıoğlu,2,4.4,1.0,2,2.0,5.931667021439684
397,416.0,Bernardo,Mota Veiga de Carvalho e Silva,3,6.2,0.7,3,2.0,5.913517782084916
695,139.0,Bart,Verbruggen,1,4.5,10.5,2,2.0,5.860542411794989
605,200.0,Jaidon,Anthony,3,5.0,2.1,3,2.0,5.7878311651736345
432,249.0,João Pedro,Junqueira de Jesus,4,7.7,52.0,4,2.0,5.672442800965898
340,453.0,Alejandro,Garnacho Ferreyra,3,6.4,0.5,4,2.0,5.561289346564542
551,178.0,Danny,Welbeck,4,6.3,9.6,2,2.0,5.527693557426749
493,173.0,Mats,Wieffer,3,4.9,1.0,2,2.0,5.462456147345588
791,354.0,Ethan,Ampadu,3,4.9,0.7,4,2.0,5.4108620445017115
8,215.0,Zian,Flemming,4,5.3,0.4,3,2.0,5.323954602347855
777,217.0,Lyle,Foster,4,4.9,0.8,3,2.0,5.2460261029101485
486,84.0,Marcus,Tavernier,3,5.4,7.0,5,2.0,5.2194933187183095
656,187.0,Kyle,Walker,2,4.4,1.2,3,2.0,5.203508077629899
65,341.0,Karl,Darlow,1,3.9,7.4,4,2.0,5.195333944528211
632,660.0,Anton,Stach,3,4.8,1.8,4,2.0,5.16376579957194
86,614.0,James,Ward-Prowse,3,5.6,0.2,3,2.0,5.155082916027113
667,409.0,John,Stones,2,5.4,0.6,3,2.0,5.082411932281366
742,348.0,Joe,Rodon,2,3.9,3.0,4,2.0,5.026055891439908
444,418.0,Jérémy,Doku,3,6.4,2.6,3,2.0,5.003850740230925
513,414.0,Phil,Foden,3,8.0,7.9,3,2.0,4.996489357603967
155,736.0,Gianluigi,Donnarumma,1,5.6,9.5,3,2.0,4.927707094678438
236,403.0,Joško,Gvardiol,2,5.8,3.2,3,2.0,4.913220335326663
686,794.0,Max,Alleyne,2,3.9,0.0,3,2.0,4.892165764734
107,225.0,Reece,James,2,5.6,6.4,4,2.0,4.889172806673997
396,413.0,Omar,Marmoush,3,8.3,2.5,3,2.0,4.884402903988671
237,417.0,Rayan,Cherki,3,6.4,10.7,3,2.0,4.8575791045473125
70,427.0,Tijjani,Reijnders,3,5.0,9.2,3,2.0,4.793081020811226
590,807.0,Rayan Vitor,Simplício Rocha,3,5.5,1.9,5,2.0,4.791746246334375
549,146.0,Lewis,Dunk,2,4.5,0.9,2,2.0,4.755979675155852
421,90.0,Alex,Scott,3,5.0,4.2,5,2.0,4.746578389159995
666,407.0,Matheus,Nunes,2,5.3,3.2,3,2.0,4.744193314068617
387,207.0,Hannibal,Mejbri,3,4.7,0.1,3,2.0,4.698131764393977
319,72.0,Marcos,Senesi Barón,2,5.2,24.9,5,2.0,4.680523888871646
709,449.0,Bruno,Borges Fernandes,3,10.3,43.0,2,1.0,4.662519917504108
206,74.0,Adrien,Truffert,2,4.7,5.4,5,2.0,4.634055552421486
120,344.0,Jaka,Bijol,2,3.9,1.6,4,2.0,4.6327053392251285
324,167.0,Carlos,Baleba,3,4.5,1.5,2,2.0,4.622651165561317
380,67.0,Đorđe,Petrović,1,4.6,6.2,5,2.0,4.59924478820269
420,77.0,James,Hill,2,4.2,9.4,5,2.0,4.576360089086472
230,343.0,Pascal,Struijk,2,4.3,4.1,4,2.0,4.541672195150175
169,158.0,Georginio,Rutter,3,5.6,0.3,2,2.0,4.492150782928212
705,411.0,Nico,O'Reilly,2,5.1,14.5,3,2.0,4.4909465986619095
48,87.0,Ryan,Christie,3,4.9,0.2,5,2.0,4.474376794281181
428,170.0,James,Milner,3,4.9,0.1,2,2.0,4.461903747116768
129,450.0,Matheus,Santos Carneiro da Cunha,3,8.0,7.9,2,1.0,4.458037692815271
53,143.0,Olivier,Boscagli,2,4.2,0.2,2,2.0,4.437105690715411
464,706.0,James,Justin,2,3.9,1.4,4,2.0,4.393490544866606
438,365.0,Lukas,Nmecha,4,5.0,0.6,4,2.0,4.364320443260027
781,257.0,Maxence,Lacroix,2,5.1,4.8,3,1.0,4.328143910171827
250,603.0,El Hadji Malick,Diouf,2,4.1,2.3,1,1.0,4.293786284168285
105,191.0,Maxime,Estève,2,3.9,7.4,3,2.0,4.291559557658118
235,402.0,Rayan,Aït-Nouri,2,5.7,4.3,3,2.0,4.279947648571862
616,303.0,James,Garner,3,5.3,4.0,3,1.0,4.26569325408361
242,470.0,Martin,Dúbravka,1,4.0,28.5,3,2.0,4.26269030290266
790,342.0,Jayden,Bogle,2,4.4,1.3,4,2.0,4.242919105436454
701,283.0,Jean-Philippe,Mateta,4,7.5,7.1,3,1.0,4.23972666335532
638,713.0,Álex,Jiménez Sánchez,2,4.5,0.3,5,2.0,4.23622657932566
214,166.0,Yasin,Ayari,3,4.8,0.5,2,2.0,4.211878407941561
336,423.0,Nico,González Iglesias,3,5.9,0.1,3,2.0,4.2058331519938585
329,241.0,Moisés,Caicedo Corozo,3,5.7,7.5,4,2.0,4.1949600875203865
106,209.0,Josh,Laurent,3,4.8,0.0,3,2.0,4.177603167316734
732,97.0,Francisco Evanilson,de Lima Barbosa,4,6.7,3.1,5,2.0,4.160208053497943
809,624.0,Jarrod,Bowen,4,7.6,9.6,1,1.0,4.155287275426894
33,708.0,Mateus Gonçalo,Espanha Fernandes,3,5.5,0.4,1,1.0,4.143301626465864
385,192.0,Quilindschy,Hartman,2,4.0,0.6,3,2.0,4.120250368446144
59,221.0,Filip,Jörgensen,1,4.3,0.2,4,2.0,4.108031240614663
47,81.0,Justin,Kluivert,3,6.9,0.6,5,2.0,4.084486153361784
726,5.0,Gabriel,dos Santos Magalhães,2,7.1,40.1,3,1.0,4.067799899945927
658,226.0,Trevoh,Chalobah,2,5.4,10.1,4,2.0,4.049817680985896
461,672.0,Jorrel,Hato,2,4.6,0.2,4,2.0,4.044808036862286
386,193.0,Bashir,Humphreys,2,3.9,0.1,3,2.0,4.007343597707573
389,261.0,Chris,Richards,2,4.4,2.3,3,1.0,4.0054214006483075
291,410.0,Rico,Lewis,2,4.6,1.2,3,2.0,3.9988874432540293
9,250.0,Liam,Delap,4,6.2,0.9,4,2.0,3.998526473992655
122,350.0,Brenden,Aaronson,3,5.4,1.7,4,2.0,3.9947419225594167
431,224.0,Marc,Cucurella Saseta,2,6.0,16.5,4,2.0,3.962523154811147
52,136.0,Igor Thiago,Nascimento Rodrigues,4,7.3,32.3,3,1.0,3.9524111307672056
487,86.0,David,Brooks,3,5.0,0.2,5,2.0,3.9321266880893937
468,749.0,Mateus,Mané,4,4.3,1.2,2,1.0,3.886923033457726
806,596.0,Dominic,Solanke-Mitchell,4,7.2,1.1,3,1.0,3.8816427019512583
610,228.0,Malo,Gusto,2,4.9,2.2,4,2.0,3.85327375823274
522,532.0,Trai,Hume,2,4.5,0.3,2,1.0,3.843183526828048
283,244.0,Roméo,Lavia,3,4.9,0.0,4,2.0,3.8385597990414686
793,387.0,Dominik,Szoboszlai,3,7.1,12.2,3,1.0,3.833575856286132
700,240.0,Christopher,Nkunku,3,5.9,0.1,4,2.0,3.8224575683073576
659,252.0,Marc,Guiu Paz,4,4.0,5.0,4,2.0,3.8224575683073576
262,789.0,Max,Merrick,1,4.0,0.0,4,2.0,3.8224575683073576
499,251.0,Nicolas,Jackson,4,6.5,0.1,4,2.0,3.8224575683073576
699,222.0,Mike,Penders,1,4.0,0.0,4,2.0,3.8224575683073576
108,234.0,Aarón,Anselmino,2,4.0,0.1,4,2.0,3.8224575683073576
174,247.0,Dário,Luís Essugo,3,4.3,0.1,4,2.0,3.8224575683073576
370,803.0,Teddy,Sharman-Lowe,1,4.0,0.0,4,2.0,3.8224575683073576
60,238.0,Estêvão,Almeida de Oliveira Gonçalves,3,6.4,1.9,4,2.0,3.8224575683073576
817,743.0,Landon,Emenalo,3,4.5,0.0,4,2.0,3.8224575683073576
284,248.0,Kendry,Páez Andrade,3,4.5,0.0,4,2.0,3.8224575683073576
779,229.0,Benoît,Badiashile Mukinayi,2,4.4,0.0,4,2.0,3.8224575683073576
778,223.0,Gabriel,Słonina,1,3.9,0.1,4,2.0,3.8224575683073576
220,233.0,Josh,Acheampong,2,3.7,1.7,4,2.0,3.8224575683073576
221,239.0,Jamie,Bynoe-Gittens,3,6.0,0.1,4,2.0,3.8224575683073576
609,227.0,Levi,Samuels Colwill,2,4.7,0.1,4,2.0,3.8224575683073576
223,245.0,Mykhailo,Mudryk,3,4.9,0.0,4,2.0,3.8224575683073576
219,214.0,Mike,Trésor Ndayishimiye,3,4.3,0.1,3,2.0,3.8065485279912203
736,197.0,Oliver,Sonne,2,3.8,0.2,3,2.0,3.8065485279912203
218,211.0,Aaron,Ramsey,3,4.4,1.4,3,2.0,3.8065485279912203
217,183.0,Max,Weiß,1,4.2,0.1,3,2.0,3.8065485279912203
170,185.0,Václav,Hladký,1,3.9,0.2,3,2.0,3.8065485279912203
697,189.0,Owen,Dodgson,2,4.0,0.0,3,2.0,3.8065485279912203
724,820.0,Kian,McMahon-Brown,3,4.5,0.0,3,2.0,3.8065485279912203
171,186.0,Connor,Roberts,2,4.3,0.0,3,2.0,3.8065485279912203
657,203.0,Enock,Agyei,3,4.7,0.0,3,2.0,3.8065485279912203
417,784.0,George,Brierley,3,4.5,0.0,3,2.0,3.8065485279912203
430,213.0,Jaydon,Banel,3,4.5,0.0,3,2.0,3.8065485279912203
327,196.0,Shurandy,Sambo,2,4.0,0.0,3,2.0,3.8065485279912203
325,188.0,Hannes,Delcroix,2,3.8,0.2,3,2.0,3.8065485279912203
412,680.0,Armando,Broja,4,5.2,0.2,3,2.0,3.8065485279912203
173,219.0,Michael,Obafemi,4,4.4,0.1,3,2.0,3.8065485279912203
776,198.0,Axel,Tuanzebe,2,3.9,0.9,3,2.0,3.8065485279912203
606,201.0,Manuel,Benson Hedilazio,3,5.4,0.0,3,2.0,3.8065485279912203
328,205.0,Josh,Cullen,3,4.9,0.8,3,2.0,3.8065485279912203
552,184.0,Etienne,Green,1,4.0,0.2,3,2.0,3.8065485279912203
384,190.0,Hjalmar,Ekdal,2,3.8,0.7,3,2.0,3.8065485279912203
539,776.0,Oliver,Pimlott,3,4.5,0.0,3,2.0,3.8065485279912203
282,208.0,Luca,Koleosho,3,5.0,0.0,3,2.0,3.8065485279912203
281,204.0,Darko,Churlinov,3,4.9,0.0,3,2.0,3.8065485279912203
58,216.0,Zeki,Amdouni,4,4.8,0.0,3,2.0,3.8065485279912203
7,212.0,Oluwaseun,Adewumi,3,4.5,0.0,3,2.0,3.8065485279912203
57,194.0,Jordan,Beyer,2,3.9,0.1,3,2.0,3.8065485279912203
608,220.0,Robert,Lynch Sánchez,1,4.8,12.4,4,2.0,3.7931107009784477
42,26.0,Martín,Zubimendi Ibáñez,3,5.0,3.1,3,1.0,3.792998610608939
264,799.0,Charlie,Stevens,3,4.5,0.0,5,2.0,3.785678069510757
437,339.0,Illan,Meslier,1,4.1,0.3,4,2.0,3.785678069510757
548,80.0,Julio,Soler Barreto,2,3.9,0.2,5,2.0,3.785678069510757
547,79.0,Chris,Mepham,2,4.0,0.1,5,2.0,3.785678069510757
193,685.0,Bafodé,Diakité,2,4.1,0.3,5,2.0,3.785678069510757
442,391.0,Ben,Gannon-Doak,3,4.8,0.0,5,2.0,3.785678069510757
177,357.0,Largie,Ramazani,3,4.9,0.0,4,2.0,3.785678069510757
546,78.0,Julián,Araujo Zúñiga,2,3.8,0.5,5,2.0,3.785678069510757
463,687.0,Remy,Rees-Dottin,3,4.3,0.2,5,2.0,3.785678069510757
507,364.0,Mateo,Joseph Fernández-Regatillo,4,5.0,0.0,4,2.0,3.785678069510757
703,359.0,Charlie,Crew,3,4.5,0.0,4,2.0,3.785678069510757
597,96.0,Ben,Winterburn,3,4.5,0.0,5,2.0,3.785678069510757
561,346.0,Sam,Byram,2,3.7,0.3,4,2.0,3.785678069510757
562,349.0,Isaac,Schmidt,2,4.0,0.1,4,2.0,3.785678069510757
273,69.0,Callan,McKenna,1,3.9,0.2,5,2.0,3.785678069510757
274,70.0,Alex,Paulsen,1,4.0,0.1,5,2.0,3.785678069510757
275,99.0,Daniel,Adu-Adjei,4,4.4,0.1,5,2.0,3.785678069510757
649,88.0,Lewis,Cook,3,4.9,0.0,5,2.0,3.785678069510757
690,68.0,Will,Dennis,1,4.0,0.7,5,2.0,3.785678069510757
648,75.0,Matai,Akinmboni,2,3.8,0.2,5,2.0,3.785678069510757
306,698.0,Noah,Okafor,3,5.5,1.9,4,2.0,3.785678069510757
316,806.0,Christos,Mandas,1,4.0,0.0,5,2.0,3.785678069510757
691,91.0,Luis,Sinisterra Lucumí,3,5.0,0.0,5,2.0,3.785678069510757
233,362.0,Joël,Piroe,4,4.9,0.3,4,2.0,3.785678069510757
232,352.0,Jack,Harrison,3,5.1,0.0,4,2.0,3.785678069510757
231,351.0,Wilfried,Gnonto,3,5.1,0.1,4,2.0,3.785678069510757
692,94.0,Dominic,Sadi,3,4.5,0.0,5,2.0,3.785678069510757
696,168.0,Facundo,Buonanotte,3,4.6,0.1,4,2.0,3.785678069510757
382,93.0,Hamed,Traorè,3,4.5,0.3,5,2.0,3.785678069510757
411,665.0,Lucas Estella,Perri,1,4.4,0.3,4,2.0,3.785678069510757
505,340.0,Alex,Cairns,1,3.9,0.1,4,2.0,3.785678069510757
771,89.0,Philip,Billing,3,4.9,0.0,5,2.0,3.785678069510757
99,66.0,Norberto,Murara Neto,1,4.5,0.1,5,2.0,3.785678069510757
12,355.0,Sam,Greenwood,3,4.9,0.0,4,2.0,3.785678069510757
46,71.0,Illia,Zabarnyi,2,5.0,0.0,5,2.0,3.785678069510757
124,360.0,Joe,Gelhardt,3,4.5,0.0,4,2.0,3.785678069510757
743,353.0,Daniel,James,3,5.2,0.1,4,2.0,3.785678069510757
162,92.0,Romain,Faivre,3,4.5,0.1,5,2.0,3.785678069510757
163,95.0,Zain,Silcott-Duberry,3,4.4,0.1,5,2.0,3.785678069510757
37,756.0,Malcom,DaCosta,3,4.5,0.0,5,2.0,3.785678069510757
35,741.0,Harry,Gray,4,4.5,0.1,4,2.0,3.785678069510757
66,345.0,Sebastiaan,Bornauw,2,3.8,0.1,4,2.0,3.785678069510757
767,801.0,Alex,Tóth,3,4.9,0.0,5,2.0,3.785678069510757
123,358.0,Tanaka,Ao,3,4.8,0.2,4,2.0,3.785678069510757
67,363.0,Patrick,Bamford,4,4.9,0.3,4,2.0,3.785678069510757
3,76.0,Owen,Bevan,2,3.8,0.2,5,2.0,3.785678069510757
766,782.0,Fraser,Forster,1,4.0,0.0,5,2.0,3.785678069510757
91,721.0,Veljko,Milosavljevic,2,4.4,0.0,5,2.0,3.785678069510757
94,787.0,Sam,Chambers,3,4.4,0.0,4,2.0,3.785678069510757
792,361.0,Darko,Gyabi,3,4.5,0.0,4,2.0,3.785678069510757
339,444.0,Leny,Yoro,2,4.1,1.3,2,1.0,3.778755233223024
425,138.0,Jason,Steele,1,4.2,0.2,2,2.0,3.7697690291946193
426,140.0,Tom,McGill,1,3.9,0.3,2,2.0,3.7697690291946193
127,420.0,İlkay,Gündoğan,3,6.3,0.1,3,2.0,3.7697690291946193
427,154.0,Eiran,Cashin,2,4.0,0.0,2,2.0,3.7697690291946193
128,428.0,Sverre,Nypan,3,5.0,0.0,3,2.0,3.7697690291946193
34,740.0,Stephen,Mfuni,2,3.9,0.0,3,2.0,3.7697690291946193
796,412.0,Vitor,de Oliveira Nunes dos Reis,2,5.0,0.0,3,2.0,3.7697690291946193
746,425.0,Claudio,Echeverri,3,5.4,0.0,3,2.0,3.7697690291946193
414,742.0,Ryan,McAidoo,3,4.5,0.0,3,2.0,3.7697690291946193
795,404.0,Manuel,Akanji,2,5.4,0.3,3,2.0,3.7697690291946193
383,165.0,Abdallah,Sima,3,5.4,0.0,2,2.0,3.7697690291946193
54,153.0,Adam,Webster,2,4.4,0.0,2,2.0,3.7697690291946193
55,156.0,Charlie,Tasker,2,3.8,0.2,2,2.0,3.7697690291946193
655,176.0,Adrian,Mazilu,3,4.5,0.0,2,2.0,3.7697690291946193
56,171.0,Jeremy,Sarmiento Morante,3,4.9,0.0,2,2.0,3.7697690291946193
278,141.0,Carl,Rushworth,1,4.0,0.0,2,2.0,3.7697690291946193
279,147.0,Pervis,Estupiñán Tenorio,2,4.5,0.0,2,2.0,3.7697690291946193
280,162.0,Brajan,Gruda,3,5.4,0.0,2,2.0,3.7697690291946193
103,161.0,Julio,Enciso Espínola,3,5.4,0.0,2,2.0,3.7697690291946193
603,175.0,Joe,Knight,3,4.4,0.1,2,2.0,3.7697690291946193
604,181.0,Charalampos,Kostoulas,4,4.8,0.3,2,2.0,3.7697690291946193
762,739.0,Divine,Mukasa,3,4.4,0.0,3,2.0,3.7697690291946193
775,144.0,Diego,Coppola,2,4.2,0.0,2,2.0,3.7697690291946193
763,744.0,Nehemiah,Oriola,3,4.5,0.0,2,2.0,3.7697690291946193
167,150.0,Tariq,Lamptey,2,4.4,0.1,2,2.0,3.7697690291946193
312,763.0,Charlie,Gray,3,4.5,0.0,3,2.0,3.7697690291946193
550,155.0,Jacob,Slater,2,4.0,0.1,2,2.0,3.7697690291946193
323,142.0,Kjell,Scherpen,1,4.0,0.0,2,2.0,3.7697690291946193
179,401.0,Marcus,Bettinelli,1,3.8,0.4,3,2.0,3.7697690291946193
471,764.0,Reigan,Heskey,3,4.5,0.0,3,2.0,3.7697690291946193
492,164.0,Matt,O'Riley,3,5.5,0.3,2,2.0,3.7697690291946193
215,172.0,Tom,Watson,3,4.8,0.0,2,2.0,3.7697690291946193
216,180.0,Stefanos,Tzimas,4,5.2,0.1,2,2.0,3.7697690291946193
723,795.0,Harry,Howell,3,4.5,0.0,2,2.0,3.7697690291946193
491,159.0,Solly,March,3,5.8,0.0,2,2.0,3.7697690291946193
735,179.0,Evan,Ferguson,4,5.5,0.0,2,2.0,3.7697690291946193
490,149.0,Igor Julio,dos Santos de Paulo,2,4.5,0.1,2,2.0,3.7697690291946193
538,761.0,Freddie,Simmonds,2,4.0,0.0,2,2.0,3.7697690291946193
6,174.0,Malick,Yalcouyé,3,5.0,0.0,2,2.0,3.7697690291946193
514,422.0,Mateo,Kovačić,3,5.8,0.0,3,2.0,3.7697690291946193
494,177.0,Andrew,Moran,3,4.5,0.0,2,2.0,3.7697690291946193
707,429.0,Kalvin,Phillips,3,4.7,0.1,3,2.0,3.7697690291946193
706,415.0,Sávio,Moreira de Oliveira,3,6.9,0.4,3,2.0,3.756723075019273
213,157.0,Mitoma,Kaoru,3,6.1,2.3,2,2.0,3.73351025743826
2,73.0,Adam,Smith,2,4.4,0.2,5,2.0,3.730238280902116
528,552.0,Noah,Sadiki,3,4.9,0.1,2,1.0,3.718187342146658
447,457.0,Carlos Henrique,Casimiro,3,5.7,3.1,2,1.0,3.7159145230705426
121,347.0,Gabriel,Gudmundsson,2,3.8,3.5,4,2.0,3.7062577891224437
769,47.0,Morgan,Rogers,3,7.4,21.4,3,1.0,3.6951358193539505
18,515.0,Morgan,Gibbs-White,3,7.4,5.3,3,1.0,3.694145378893694
76,493.0,Sean,Longstaff,3,4.8,0.2,4,2.0,3.6790565911446396
650,98.0,Enes,Ünal,4,5.4,0.0,5,2.0,3.675021305270228
607,210.0,Loum,Tchaouna,3,4.8,0.0,3,2.0,3.669927889559809
698,218.0,Ashley,Barnes,4,4.2,1.3,3,2.0,3.667885963729992
31,683.0,Omar,Alderete,2,4.1,5.6,2,1.0,3.6677143966814203
212,145.0,Maxim,De Cuyper,2,4.3,1.6,2,2.0,3.6606227587494926
443,406.0,Abdukodir,Khusanov,2,5.4,0.5,3,2.0,3.6573551690741617
90,697.0,Amine,Adli,3,5.4,0.3,5,2.0,3.6562039115378564
376,21.0,Declan,Rice,3,7.2,23.4,3,1.0,3.6532625216909724
151,722.0,Florentino Ibrain,Morris Luís,3,5.0,0.0,3,2.0,3.6508919998997866
16,405.0,Nathan,Aké,2,5.2,0.6,3,2.0,3.639191088727482
496,231.0,Mamadou,Sarr,2,4.5,0.0,4,2.0,3.636120569313479
623,476.0,Dan,Burn,2,5.0,3.4,3,1.0,3.627029705497399
133,485.0,Anthony,Gordon,3,7.4,6.5,3,1.0,3.625276222417729
401,544.0,Habib,Diarra,3,5.3,0.1,2,1.0,3.6126824884651914
38,817.0,Adam,Armstrong,4,5.2,0.1,2,1.0,3.6084204770749344
573,521.0,Ibrahim,Sangaré,3,4.9,0.1,3,1.0,3.608395640580736
299,570.0,Kevin,Danso,2,4.2,0.1,3,1.0,3.5763039324539614
30,676.0,Lesley,Ugochukwu,3,5.0,0.1,3,2.0,3.562846044278256
592,815.0,Axel,Disasi,2,4.5,0.1,1,1.0,3.5486844904535015
807,597.0,Richarlison,de Andrade,4,6.3,5.5,3,1.0,3.5082185677924285
629,613.0,Tomáš,Souček,3,5.7,0.3,1,1.0,3.5069944543312306
287,311.0,Norberto Bercique,Gomes Betuncal,4,5.0,2.9,3,1.0,3.4839642021675843
424,119.0,Bryan,Mbeumo,3,8.5,18.2,2,1.0,3.44716486735168
497,232.0,Tosin,Adarabioyo,2,4.0,0.3,4,2.0,3.4465428151934345
672,568.0,Pedro,Porro Sauceda,2,5.1,9.3,3,1.0,3.4146251329316857
326,195.0,Lucas,Pires Silva,2,3.8,0.3,3,2.0,3.394983681649934
734,152.0,Joël,Veltman,2,4.3,0.1,2,2.0,3.3938542760806967
331,267.0,Ismaïla,Sarr,3,6.3,3.7,3,1.0,3.3935759722705288
146,646.0,João Victor,Gomes da Silva,3,5.3,0.4,2,1.0,3.389559293661746
495,202.0,Jacob,Bruun Larsen,3,5.2,0.0,3,2.0,3.369077879878965
728,8.0,Jurriën,Timber,2,6.2,21.4,3,1.0,3.3382299497015686
422,106.0,Nathan,Collins,2,4.9,2.7,3,1.0,3.327912414414186
787,299.0,Iliman,Ndiaye,3,6.2,4.1,3,1.0,3.273494002919709
812,679.0,Mads,Hermansen,1,4.2,0.5,1,1.0,3.2675387555927236
388,236.0,Pedro,Lomba Neto,3,7.0,4.8,4,2.0,3.251803470355454
295,506.0,Murillo,Costa dos Santos,2,5.2,2.2,3,1.0,3.251611110257073
714,610.0,Aaron,Wan-Bissaka,2,4.1,4.5,1,1.0,3.2387291307012274
272,64.0,Ollie,Watkins,4,8.5,8.3,3,1.0,3.2372499116930578
436,300.0,Dwight,McNeil,3,5.5,0.1,3,1.0,3.2369031170018063
749,473.0,Lewis,Hall,2,5.4,3.7,3,1.0,3.236424417093181
381,85.0,Tyler,Adams,3,4.9,0.3,5,2.0,3.2126813991730256
535,730.0,Brian,Brobbey,4,5.3,0.6,2,1.0,3.211680682100718
102,126.0,Mathias,Jensen,3,4.9,0.1,3,1.0,3.206105561209811
506,356.0,Ilia,Gruev,3,4.7,0.1,4,2.0,3.18507403155565
141,593.0,Pape Matar,Sarr,3,4.5,1.1,3,1.0,3.179538641522902
188,591.0,Archie,Gray,3,4.8,0.2,3,1.0,3.1781446051160724
378,50.0,Emiliano,Buendía Stati,3,5.3,0.4,3,1.0,3.169105703462231
202,1.0,David,Raya Martín,1,6.0,32.2,3,1.0,3.154696180554576
738,258.0,Tyrick,Mitchell,2,5.0,2.2,3,1.0,3.1519907849922135
681,666.0,Viktor,Gyökeres,4,8.8,11.5,3,1.0,3.125544271344937
335,384.0,Cody,Gakpo,3,7.3,5.5,3,1.0,3.108193993588718
365,712.0,Yéremy,Pino Santos,3,5.8,0.2,3,1.0,3.106449271417229
314,791.0,Valentín,Castellanos,4,5.5,0.1,1,1.0,3.098357194600393
289,373.0,Virgil,van Dijk,2,6.3,30.4,3,1.0,3.0912056846197684
207,83.0,Dango,Ouattara,3,5.9,2.2,3,1.0,3.0847608064145735
773,113.0,Sepp,van den Berg,2,4.6,1.2,3,1.0,3.0811512611449077
727,7.0,Riccardo,Calafiori,2,5.6,6.0,3,1.0,3.074170193520707
737,253.0,Dean,Henderson,1,5.1,8.0,3,1.0,3.066197118439834
456,584.0,Mathys,Tel,3,6.2,0.1,3,1.0,3.0642412255069944
109,242.0,Kiernan,Dewsbury-Hall,3,5.1,4.3,3,1.0,3.0626345904782593
247,531.0,Daniel,Ballard,2,4.7,3.0,2,1.0,3.056650545423807
511,386.0,Alexis,Mac Allister,3,6.3,2.0,3,1.0,3.0546262258979713
785,287.0,Jordan,Pickford,1,5.6,12.9,3,1.0,3.0499487983487192
153,725.0,Piero,Hincapié,2,5.1,0.7,3,1.0,3.043453099658202
80,517.0,Elliot,Anderson,3,5.6,7.3,3,1.0,3.0433001345995825
429,206.0,Marcus,Edwards,3,4.7,0.1,3,2.0,3.0410819335881136
645,38.0,Ezri,Konsa Ngoyo,2,4.4,7.6,3,1.0,3.0329053336759393
478,16.0,Bukayo,Saka,3,9.8,7.2,3,1.0,3.0290535778859917
780,246.0,Andrey,Nascimento dos Santos,3,4.5,0.3,4,2.0,3.0011461996072555
747,442.0,Harry,Maguire,2,4.4,1.2,2,1.0,2.9983099870418126
555,256.0,Daniel,Muñoz Mejía,2,5.8,7.4,3,1.0,2.9922430482371163
675,606.0,Konstantinos,Mavropanos,2,4.4,0.6,1,1.0,2.9917457568578936
11,324.0,Alex,Iwobi,3,6.3,1.9,4,1.0,2.9909752675628725
500,273.0,Adam,Wharton,3,5.0,0.6,3,1.0,2.981458090823348
101,121.0,Mikkel,Damsgaard,3,5.6,0.8,3,1.0,2.9798884414104965
419,6.0,William,Saliba,2,6.1,13.4,3,1.0,2.978680757762532
572,507.0,Ola,Aina,2,4.7,2.4,3,1.0,2.972978558250542
448,458.0,Kobbie,Mainoo,3,4.7,1.0,2,1.0,2.971591459610905
536,733.0,Senne,Lammens,1,5.1,2.7,2,1.0,2.9606226994985425
83,565.0,Guglielmo,Vicario,1,4.7,5.1,3,1.0,2.9543423790743155
172,199.0,Joe,Worrall,2,3.8,0.2,3,2.0,2.9435455224017835
343,505.0,Nikola,Milenković,2,5.1,3.3,3,1.0,2.9406855859509227
789,335.0,Josh,King,3,4.4,1.8,4,1.0,2.910951061387649
652,124.0,Jordan,Henderson,3,5.0,0.3,3,1.0,2.9051862966093895
663,293.0,Jake,O'Brien,2,4.9,0.6,3,1.0,2.8989344623463533
317,20.0,Leandro,Trossard,3,6.5,0.8,3,1.0,2.8975152093161167
245,508.0,Neco,Williams,2,4.8,4.1,3,1.0,2.888299623512297
531,628.0,José,Malheiro de Sá,1,4.2,1.2,2,1.0,2.887942619596079
391,302.0,Idrissa Gana,Gueye,3,5.4,0.1,3,1.0,2.8850388841091843
643,812.0,Melker,Ellborg,1,4.0,0.1,2,1.0,2.872281751051628
305,684.0,Malick,Thiaw,2,5.1,5.6,3,1.0,2.8634507437309846
346,516.0,Callum,Hudson-Odoi,3,5.7,0.7,3,1.0,2.857984011453346
68,370.0,Jeremie,Frimpong,2,5.7,5.1,3,1.0,2.855045345604078
584,709.0,Ladislav,Krejcí,2,4.5,0.1,2,1.0,2.849204591016006
191,648.0,Marshall,Munetsi,3,5.3,0.0,2,1.0,2.8268376766278474
488,101.0,Caoimhín,Kelleher,1,4.8,12.2,3,1.0,2.8260258921517134
820,816.0,Angel,Gomes,3,4.7,0.0,2,1.0,2.8160324739092446
210,120.0,Kevin,Schade,3,7.0,1.7,3,1.0,2.814795159683675
159,32.0,Emiliano,Martínez Romero,1,5.1,4.4,3,1.0,2.806706468132308
614,292.0,Vitalii,Mykolenko,2,4.9,0.6,3,1.0,2.805214846997819
626,502.0,Matz,Sels,1,4.6,4.9,3,1.0,2.8004461039693633
631,634.0,Yerson,Mosquera Valdelamar,2,4.3,0.1,2,1.0,2.7913889709009077
585,720.0,Tolu,Arokodare,4,5.2,0.1,2,1.0,2.7733602376050923
740,295.0,Michael,Keane,2,4.5,2.8,3,1.0,2.7382163970719153
745,381.0,Mohamed,Salah,3,14.0,13.9,3,1.0,2.7074243162435816
100,107.0,Keane,Lewis-Potter,2,4.8,1.5,3,1.0,2.701722157210462
596,59.0,Amadou,Onana,3,4.8,0.7,3,1.0,2.6863098339930054
530,627.0,Sam,Johnstone,1,4.4,0.1,2,1.0,2.6826509782218952
560,337.0,Raúl,Jiménez Rodríguez,4,6.1,2.1,4,1.0,2.6803568109548443
257,681.0,Benjamin,Sesko,4,7.3,5.9,2,1.0,2.671314764223966
117,314.0,Bernd,Leno,1,4.9,1.8,4,1.0,2.668742355461579
276,111.0,Ethan,Pinnock,2,4.2,0.1,3,1.0,2.6569122950991813
377,31.0,Gabriel,Fernando de Jesus,4,6.4,0.3,3,1.0,2.6451981274076553
719,724.0,Lutsharel,Geertruida,2,4.5,0.1,2,1.0,2.643873560832747
595,37.0,Lucas,Digne,2,4.5,1.6,3,1.0,2.6288282189779335
483,52.0,Jacob,Ramsey,3,5.3,0.2,3,1.0,2.6263743876759946
10,266.0,Eberechi,Eze,3,7.2,7.7,3,1.0,2.6151009601564192
570,452.0,Amad,Diallo,3,6.2,1.4,2,1.0,2.5738978662390877
190,631.0,Emmanuel,Agbadou,2,4.2,0.1,2,1.0,2.5720177452559656
252,643.0,André,Trindade da Costa Neto,3,5.2,0.1,2,1.0,2.5681899554351713
708,440.0,Diogo,Dalot Teixeira,2,4.6,4.1,2,1.0,2.561526369686194
460,668.0,Granit,Xhaka,3,5.1,3.2,2,1.0,2.549227200857322
333,329.0,Harry,Wilson,3,6.0,20.2,4,1.0,2.5385618818362374
613,291.0,James,Tarkowski,2,5.7,11.3,3,1.0,2.532511933445489
718,674.0,Aaron,Ramsdale,1,4.8,0.8,3,1.0,2.5298755892023292
423,110.0,Michael,Kayode,2,4.6,1.0,3,1.0,2.527096254385454
662,276.0,Justin,Devenny,3,4.3,1.1,3,1.0,2.522124646454304
87,636.0,Santiago,Ignacio Bueno,2,4.4,0.1,2,1.0,2.5212163024844294
621,390.0,Ryan,Gravenberch,3,5.5,4.2,3,1.0,2.51656981579832
290,382.0,Florian,Wirtz,3,8.3,8.8,3,1.0,2.508935568705454
374,17.0,Martin,Ødegaard,3,7.8,1.5,3,1.0,2.506557124751608
580,633.0,Hugo,Bueno López,2,4.3,0.2,2,1.0,2.5042673144911496
753,526.0,Igor Jesus,Maciel da Cruz,4,5.8,1.2,3,1.0,2.490915477704046
568,443.0,Luke,Shaw,2,4.5,0.7,2,1.0,2.4856800012528786
624,488.0,Bruno,Guimarães Rodriguez Moura,3,6.8,4.3,3,1.0,2.4831895556713346
619,318.0,Calvin,Bassey,2,4.4,0.6,4,1.0,2.4581504761805713
29,671.0,Callum,Wilson,4,5.8,0.5,1,1.0,2.455437281976837
125,366.0,Alisson,Becker,1,5.4,5.5,3,1.0,2.454514916315732
175,271.0,Daichi,Kamada,3,5.0,0.1,3,1.0,2.452085551845347
564,371.0,Milos,Kerkez,2,5.6,3.0,3,1.0,2.45110403406459
741,330.0,Sander,Berge,3,4.9,0.1,4,1.0,2.4460112035614334
254,661.0,Hugo,Ekitiké,4,9.2,22.3,3,1.0,2.44486803308318
800,494.0,Joe,Willock,3,5.0,0.1,3,1.0,2.4435685362675827
520,519.0,Nicolás,Domínguez,3,5.0,0.0,3,1.0,2.431600478637585
581,642.0,Hwang,Hee-chan,3,5.6,0.1,2,1.0,2.4287218182225643
134,490.0,Joelinton Cássio,Apolinário de Lira,3,5.9,0.3,3,1.0,2.425162884062674
504,316.0,Antonee,Robinson,2,4.9,0.8,4,1.0,2.4228539669845697
576,580.0,Brennan,Johnson,3,6.5,2.3,3,1.0,2.4176673805362583
799,478.0,Kieran,Trippier,2,4.9,1.4,3,1.0,2.41743988080398
148,693.0,Omari,Hutchinson,3,5.4,0.1,3,1.0,2.412134891999293
808,615.0,Crysencio,Summerville,3,5.5,1.3,1,1.0,2.3786046569942525
198,785.0,Pablo Felipe,Pereira de Jesus,4,5.4,0.0,1,1.0,2.359757843345287
575,551.0,Chris,Rigg,3,4.7,0.0,2,1.0,2.347415601811208
484,54.0,John,McGinn,3,5.3,0.6,3,1.0,2.3444731168611486
399,487.0,Harvey,Barnes,3,6.1,1.1,3,1.0,2.3429978221988366
227,319.0,Timothy,Castagne,2,4.3,0.1,4,1.0,2.3365148036591474
402,553.0,Chemsdine,Talbi,3,4.9,0.2,2,1.0,2.3165947937984828
457,609.0,Jean-Clair,Todibo,2,4.3,0.1,1,1.0,2.301492003759214
455,539.0,Luke,O'Nien,2,4.0,0.1,2,1.0,2.2952697953190837
813,686.0,Rio,Ngumoha,3,4.3,1.0,3,1.0,2.2928828497036706
14,385.0,Federico,Chiesa,3,6.3,0.3,3,1.0,2.28188807648448
347,525.0,Chris,Wood,4,7.1,4.5,3,1.0,2.280753673245693
393,322.0,Kenny,Tete,2,4.5,0.3,4,1.0,2.278884965635645
750,475.0,Sven,Botman,2,4.9,0.4,3,1.0,2.2701314310886334
729,11.0,Benjamin,White,2,5.1,0.5,3,1.0,2.2650469691128445
593,22.0,Mikel,Merino Zazón,3,5.4,0.8,3,1.0,2.259107244795117
375,18.0,Noni,Madueke,3,6.8,0.8,3,1.0,2.259008715156744
704,396.0,Trey,Nyoni,3,4.3,0.3,3,1.0,2.254267876171998
342,466.0,Joshua,Zirkzee,4,5.8,0.4,2,1.0,2.2477898814951134
512,388.0,Curtis,Jones,3,5.4,0.1,3,1.0,2.241739620333976
303,638.0,Ki-Jana,Hoever,2,3.8,0.9,2,1.0,2.2365464359213267
678,654.0,Jørgen,Strand Larsen,4,5.9,1.6,3,1.0,2.229693869577281
583,682.0,David,Møller Wolfe,2,4.2,0.1,2,1.0,2.228169141337934
32,699.0,Douglas Luiz,Soares de Paulo,3,4.9,0.1,3,1.0,2.22561098237764
164,105.0,Hákon Rafn,Valdimarsson,1,3.8,0.7,3,1.0,2.2209125219139527
111,270.0,Will,Hughes,3,4.7,0.1,3,1.0,2.220900013895064
135,500.0,William,Osula,4,5.4,0.3,3,1.0,2.2208297570753612
144,632.0,Matt,Doherty,2,4.4,0.1,2,1.0,2.2164866721978544
160,55.0,Ross,Barkley,3,4.8,0.1,3,1.0,2.199873761712798
285,263.0,Nathaniel,Clyne,2,3.8,0.5,3,1.0,2.192946181412933
61,272.0,Jefferson,Lerma Solís,3,4.9,0.1,3,1.0,2.186766190912817
815,700.0,Max,Dowman,3,4.2,0.7,3,1.0,2.184867827246499
660,254.0,Walter,Benítez,1,3.9,0.3,3,1.0,2.182069968871617
203,36.0,Matty,Cash,2,4.7,7.9,3,1.0,2.178104320242831
628,573.0,Djed,Spence,2,4.1,0.9,3,1.0,2.1691580990555157
565,374.0,Ibrahima,Konaté,2,5.5,3.9,3,1.0,2.164321393284679
267,19.0,Gabriel,Martinelli Silva,3,6.8,0.9,3,1.0,2.1626948834487068
44,44.0,Lamare,Bogarde,2,4.0,0.5,3,1.0,2.1583537734262137
440,372.0,Andrew,Robertson,2,5.7,1.0,3,1.0,2.1547498722976
465,717.0,Xavi,Simons,3,6.5,1.1,3,1.0,2.1542969915283074
633,663.0,Jhon,Arias,3,4.9,0.1,2,1.0,2.1535896131890864
5,129.0,Yehor,Yarmoliuk,3,5.0,0.1,3,1.0,2.148751469527752
515,424.0,Oscar,Bobb,3,5.1,0.2,4,1.0,2.1476514149472163
521,527.0,Taiwo,Awoniyi,4,5.2,0.3,3,1.0,2.1463612650905963
586,727.0,Samuel,Chukwueze,3,5.3,0.1,4,1.0,2.142362511157779
526,547.0,Enzo,Le Fée,3,4.9,1.0,2,1.0,2.133670700414366
620,338.0,Rodrigo,Muniz Carvalho,4,5.3,0.7,4,1.0,2.1314528167730096
814,690.0,Rio,Cardines,3,4.4,0.3,3,1.0,2.1147491822173445
715,616.0,Edson,Álvarez Velázquez,3,4.9,0.0,1,1.0,2.1147491822173445
730,12.0,Oleksandr,Zinchenko,2,4.9,0.2,3,1.0,2.1147491822173445
711,537.0,Niall,Huggins,2,4.0,0.1,2,1.0,2.1147491822173445
508,375.0,Conor,Bradley,2,4.9,0.1,3,1.0,2.1147491822173445
527,549.0,Dan,Neil,3,4.8,0.0,2,1.0,2.1147491822173445
721,760.0,Wellity,Lucky,2,4.0,0.0,3,1.0,2.1147491822173445
510,383.0,Luis,Díaz Marulanda,3,8.0,0.0,3,1.0,2.1147491822173445
525,546.0,Milan,Aleksić,3,4.9,0.0,2,1.0,2.1147491822173445
516,434.0,Tom,Heaton,1,3.8,0.4,2,1.0,2.1147491822173445
722,769.0,Bendito,Mantato,3,4.5,0.0,2,1.0,2.1147491822173445
725,822.0,Jaydon,Jones,3,4.5,0.0,2,1.0,2.1147491822173445
523,534.0,Joe,Anderson,2,3.8,0.3,2,1.0,2.1147491822173445
524,545.0,Patrick,Roberts,3,5.4,0.0,2,1.0,2.1147491822173445
712,542.0,Jenson,Seelt,2,4.0,0.1,2,1.0,2.1147491822173445
768,821.0,Jack,Whittaker,3,4.5,0.0,2,1.0,2.1147491822173445
731,23.0,Fábio,Ferreira Vieira,3,5.4,0.0,3,1.0,2.1147491822173445
784,281.0,Kaden,Rodney,3,4.4,0.0,3,1.0,2.1147491822173445
754,533.0,Aji,Alese,2,4.0,0.0,2,1.0,2.1147491822173445
755,556.0,Pierre,Ekwah Elimby,3,4.5,0.0,2,1.0,2.1147491822173445
756,562.0,Ahmed,Abdullahi,4,4.2,0.4,2,1.0,2.1147491822173445
757,564.0,Nazarii,Rusyn,4,4.4,0.1,2,1.0,2.1147491822173445
653,128.0,Frank,Onyeka,3,4.8,0.0,3,1.0,2.1147491822173445
574,538.0,Zak,Johnson,2,3.8,0.2,2,1.0,2.1147491822173445
759,604.0,Emerson,Palmieri dos Santos,2,4.4,0.0,1,1.0,2.1147491822173445
589,780.0,Ben,Casey,4,4.5,0.0,3,1.0,2.1147491822173445
594,24.0,Christian,Nørgaard,3,5.1,0.1,3,1.0,2.1147491822173445
783,269.0,Romain,Esse,3,4.7,0.1,3,1.0,2.1147491822173445
533,678.0,Arthur,Masuaku,2,3.9,0.5,2,1.0,2.1147491822173445
599,118.0,Jayden,Meghoma,2,4.0,0.0,3,1.0,2.1147491822173445
782,264.0,Rob,Holding,2,4.0,0.0,3,1.0,2.1147491822173445
634,675.0,Angus,Gunn,1,4.0,1.1,3,1.0,2.1147491822173445
630,625.0,Niclas,Füllkrug,4,5.6,0.6,1,1.0,2.1147491822173445
625,499.0,Alexander,Isak,4,10.3,3.6,3,1.0,2.1147491822173445
611,275.0,Naouirou,Ahamada,3,4.3,0.0,3,1.0,2.1147491822173445
622,394.0,James,McConnell,3,4.4,0.0,3,1.0,2.1147491822173445
612,285.0,Odsonne,Édouard,4,5.0,0.2,3,1.0,2.1147491822173445
764,759.0,Marli,Salmon,2,4.0,0.0,3,1.0,2.1147491822173445
571,463.0,Sékou,Koné,3,4.3,0.1,2,1.0,2.1147491822173445
751,520.0,Lewis,O'Brien,3,5.0,0.0,3,1.0,2.1147491822173445
569,445.0,Harry,Amass,2,4.0,0.1,2,1.0,2.1147491822173445
567,398.0,Jayden,Danns,4,4.3,0.1,3,1.0,2.1147491822173445
534,696.0,Arnaud,Kalimuendo,4,6.0,0.1,3,1.0,2.1147491822173445
733,114.0,Benjamin,Arthur,2,3.8,0.2,3,1.0,2.1147491822173445
694,137.0,Iwan,Morgan,4,4.4,0.3,3,1.0,2.1147491822173445
693,133.0,Myles,Peart-Harris,3,4.4,0.0,3,1.0,2.1147491822173445
803,554.0,Abdoullah,Ba,3,4.3,0.3,2,1.0,2.1147491822173445
802,512.0,Omar,Richards,2,4.5,0.0,3,1.0,2.1147491822173445
744,380.0,Calvin,Ramsay,2,3.7,0.3,3,1.0,2.1147491822173445
748,455.0,Mason,Mount,3,5.9,0.3,2,1.0,2.1147491822173445
688,14.0,Maldini,Kacurri,2,3.9,0.1,3,1.0,2.1147491822173445
685,793.0,George,King,2,4.0,0.0,3,1.0,2.1147491822173445
683,694.0,Nordi,Mukiele,2,4.5,6.7,2,1.0,2.1147491822173445
798,465.0,Rasmus,Højlund,4,6.3,0.3,2,1.0,2.1147491822173445
669,446.0,Tyler,Fredricson,2,3.7,0.2,2,1.0,2.1147491822173445
668,441.0,Patrick,Dorgu,2,4.1,2.5,2,1.0,2.1147491822173445
797,451.0,Marcus,Rashford,3,7.0,0.0,2,1.0,2.1147491822173445
794,393.0,Stefan,Bajčetić Maquieira,3,4.2,0.1,3,1.0,2.1147491822173445
661,255.0,Remi,Matthews,1,3.9,0.1,3,1.0,2.1147491822173445
563,368.0,Ármin,Pécsi,1,3.8,0.9,3,1.0,2.1147491822173445
566,379.0,Rhys,Williams,2,3.7,0.6,3,1.0,2.1147491822173445
671,557.0,Harrison,Jones,3,4.3,0.1,2,1.0,2.1147491822173445
0,9.0,Jakub,Kiwior,2,5.4,0.0,3,1.0,2.1147491822173445
130,454.0,Antony,dos Santos,3,5.9,0.1,2,1.0,2.1147491822173445
349,530.0,Blondy,Nna Noukeu,1,3.9,0.1,2,1.0,2.1147491822173445
138,563.0,Luís Hemir,Silva Semedo,4,4.4,0.1,2,1.0,2.1147491822173445
344,509.0,David,Mota Veiga Teixeira do Carmo,2,4.5,0.0,3,1.0,2.1147491822173445
338,439.0,Diego,León Blanco,2,4.1,0.1,2,1.0,2.1147491822173445
337,432.0,André,Onana,1,4.9,0.1,2,1.0,2.1147491822173445
332,278.0,Jesurun,Rak-Sakyi,3,4.4,0.0,3,1.0,2.1147491822173445
330,259.0,Borna,Sosa,2,4.8,0.1,3,1.0,2.1147491822173445
322,134.0,Ryan,Trevitt,3,4.5,0.0,3,1.0,2.1147491822173445
142,602.0,Krisztián,Hegyi,1,3.9,0.2,1,1.0,2.1147491822173445
321,123.0,Fábio,Freitas Gouveia Carvalho,3,4.6,0.1,3,1.0,2.1147491822173445
320,122.0,Antoni,Milambo,3,5.2,0.0,3,1.0,2.1147491822173445
143,612.0,Lucas,Tolentino Coelho de Lima,3,5.9,1.1,1,1.0,2.1147491822173445
315,802.0,Keiber,Lamadrid,3,5.0,0.0,1,1.0,2.1147491822173445
149,715.0,John Victor,Maciel Furtado,1,4.0,0.3,3,1.0,2.1147491822173445
311,748.0,Josh,Dasilva,3,4.9,0.0,3,1.0,2.1147491822173445
310,738.0,Lukasz,Fabianski,1,4.5,0.0,1,1.0,2.1147491822173445
348,529.0,Simon,Moore,1,3.9,0.3,2,1.0,2.1147491822173445
350,535.0,Dennis,Cirkin,2,4.0,0.0,2,1.0,2.1147491822173445
371,819.0,Ollie,Shield,2,4.0,0.0,3,1.0,2.1147491822173445
351,541.0,Reinildo,Mandava,2,3.8,2.7,2,1.0,2.1147491822173445
368,775.0,Tymur,Tutierov,3,4.5,0.0,2,1.0,2.1147491822173445
367,771.0,Tyler,Fletcher,3,4.4,0.0,2,1.0,2.1147491822173445
366,762.0,Joél,Drakes-Thomas,3,4.5,0.0,3,1.0,2.1147491822173445
364,711.0,Andre,Harriman-Annous,3,4.4,0.0,3,1.0,2.1147491822173445
112,280.0,David,Ozoh,3,4.5,0.0,3,1.0,2.1147491822173445
113,282.0,Franco,Umeh-Chibueze,3,4.5,0.0,3,1.0,2.1147491822173445
126,392.0,Endo,Wataru,3,4.9,0.1,3,1.0,2.1147491822173445
241,462.0,Jack,Fletcher,3,4.3,0.1,2,1.0,2.1147491822173445
358,626.0,Callum,Marshall,4,4.3,0.5,1,1.0,2.1147491822173445
357,617.0,Maxwel,Cornet,3,4.9,0.0,1,1.0,2.1147491822173445
356,611.0,Kaelan,Casey,2,4.0,0.1,1,1.0,2.1147491822173445
355,601.0,Wes,Foderingham,1,4.0,0.2,1,1.0,2.1147491822173445
136,514.0,Willy,Boly,2,3.8,0.3,3,1.0,2.1147491822173445
137,559.0,Nectarios,Triantis,3,4.4,0.0,2,1.0,2.1147491822173445
352,555.0,Alan,Browne,3,4.5,0.0,2,1.0,2.1147491822173445
309,735.0,Bertrand,Traoré,3,5.5,0.0,2,1.0,2.1147491822173445
150,716.0,Nicolò,Savona,2,4.5,0.1,3,1.0,2.1147491822173445
307,729.0,Luis Eduardo,Soares da Silva,2,4.5,0.0,3,1.0,2.1147491822173445
156,747.0,Ezra,Mayers,2,4.0,0.0,1,1.0,2.1147491822173445
194,692.0,Giovanni,Leoni,2,4.9,0.0,3,1.0,2.1147491822173445
268,29.0,Albert,Sambi Lokonga,3,4.5,0.0,3,1.0,2.1147491822173445
266,810.0,Luka,Bentt,3,4.5,0.0,3,1.0,2.1147491822173445
263,797.0,Kaye,Furo,4,4.5,0.0,3,1.0,2.1147491822173445
261,788.0,Godwill,Kukonki,2,4.0,0.0,2,1.0,2.1147491822173445
208,104.0,Julian,Eyestone,1,3.9,0.1,3,1.0,2.1147491822173445
251,621.0,Andy,Irving,3,4.3,0.2,1,1.0,2.1147491822173445
209,116.0,Aaron,Hickey,2,4.0,0.3,3,1.0,2.1147491822173445
211,132.0,Paris,Maghoma,3,4.5,0.0,3,1.0,2.1147491822173445
248,550.0,Ian,Poveda-Ocampo,3,4.7,0.0,2,1.0,2.1147491822173445
246,523.0,Eric,da Silva Moreira,3,4.5,0.1,3,1.0,2.1147491822173445
234,395.0,Tyler,Morton,3,4.5,0.0,3,1.0,2.1147491822173445
238,426.0,James,McAtee,3,5.0,0.1,3,1.0,2.1147491822173445
244,504.0,Matt,Turner,1,4.0,0.1,3,1.0,2.1147491822173445
239,435.0,Dermot,Mee,1,3.9,0.1,2,1.0,2.1147491822173445
192,659.0,Kyle,Walker-Peters,2,4.2,0.2,1,1.0,2.1147491822173445
277,115.0,Benjamin,Fredrick,2,4.0,0.1,3,1.0,2.1147491822173445
286,279.0,Matheus,França de Oliveira,3,4.5,0.0,3,1.0,2.1147491822173445
176,274.0,Asher,Agbinone,3,4.3,0.1,3,1.0,2.1147491822173445
302,605.0,Maximilian,Kilman,2,4.1,0.1,1,1.0,2.1147491822173445
158,773.0,Dean,Benamar,2,4.0,0.0,3,1.0,2.1147491822173445
298,558.0,Jay,Matete,3,4.3,0.2,2,1.0,2.1147491822173445
165,112.0,Mads,Roerslev Rasmussen,2,4.5,0.0,3,1.0,2.1147491822173445
166,117.0,Kim,Ji-soo,2,3.9,0.1,3,1.0,2.1147491822173445
297,540.0,Timothée,Pembélé,2,3.9,0.3,2,1.0,2.1147491822173445
180,447.0,Ayden,Heaven,2,3.7,2.1,2,1.0,2.1147491822173445
189,607.0,Nayef,Aguerd,2,4.4,0.0,1,1.0,2.1147491822173445
182,464.0,Jack,Moorhouse,3,4.5,0.0,2,1.0,2.1147491822173445
296,511.0,Felipe,Rodrigues da Silva,2,4.3,0.1,3,1.0,2.1147491822173445
183,467.0,Chido,Obi,4,4.2,1.4,2,1.0,2.1147491822173445
294,503.0,Carlos Miguel,dos Santos Pereira,1,4.0,0.1,3,1.0,2.1147491822173445
184,468.0,Ethan,Wheatley,4,4.5,0.1,2,1.0,2.1147491822173445
292,437.0,Lisandro,Martínez,2,4.8,0.4,2,1.0,2.1147491822173445
110,265.0,Caleb,Kporha,2,4.0,0.0,3,1.0,2.1147491822173445
240,436.0,Matthijs,de Ligt,2,4.9,1.8,2,1.0,2.1147491822173445
449,461.0,Jayce,Fitzgerald,3,4.3,0.0,2,1.0,2.1147491822173445
470,758.0,Mohamadou,Kanté,3,4.5,0.0,1,1.0,2.1147491822173445
446,448.0,Tyrell,Malacia,2,3.7,0.4,2,1.0,2.1147491822173445
81,528.0,Anthony,Patterson,1,4.2,0.2,2,1.0,2.1147491822173445
454,524.0,Marko,Stamenić,3,4.5,0.0,3,1.0,2.1147491822173445
79,513.0,Zach,Abbott,2,3.8,0.3,3,1.0,2.1147491822173445
39,4.0,Tommy,Setford,1,3.9,0.2,3,1.0,2.1147491822173445
40,13.0,Brayden,Clarke,2,3.7,0.4,3,1.0,2.1147491822173445
475,800.0,Djiamgone Jocelin Ta,Bi,3,4.9,0.0,2,1.0,2.1147491822173445
415,752.0,Airidas,Golambeckis,2,4.0,0.0,1,1.0,2.1147491822173445
416,755.0,Shea,Lacey,3,4.5,0.0,2,1.0,2.1147491822173445
418,814.0,Luca,Netz,2,4.5,0.0,3,1.0,2.1147491822173445
408,608.0,Ollie,Scarles,2,4.3,0.0,1,1.0,2.1147491822173445
434,277.0,Malcolm,Ebiowei,3,4.5,0.0,3,1.0,2.1147491822173445
74,460.0,Toby,Collyer,3,4.5,0.0,2,1.0,2.1147491822173445
72,431.0,Altay,Bayındır,1,4.7,0.3,2,1.0,2.1147491822173445
441,378.0,Amara,Nallo,2,3.7,0.9,3,1.0,2.1147491822173445
445,433.0,Elyh,Harrison,1,4.0,0.0,2,1.0,2.1147491822173445
69,377.0,Konstantinos,Tsimikas,2,4.8,0.0,3,1.0,2.1147491822173445
49,103.0,Matthew,Cox,1,3.9,0.1,3,1.0,2.1147491822173445
62,286.0,Zach,Marsh,4,4.4,0.3,3,1.0,2.1147491822173445
51,131.0,Yunus Emre,Konak,3,4.3,0.1,3,1.0,2.1147491822173445
409,620.0,George,Earthy,3,4.5,0.0,1,1.0,2.1147491822173445
82,543.0,Simon,Adingra,3,4.9,0.3,2,1.0,2.1147491822173445
407,600.0,Alphonse,Areola,1,4.2,1.9,1,1.0,2.1147491822173445
466,732.0,Christantus,Uche,4,5.5,0.1,3,1.0,2.1147491822173445
4,102.0,Ellery,Balcombe,1,3.9,0.3,3,1.0,2.1147491822173445
372,2.0,Kepa,Arrizabalaga Revuelta,1,4.0,0.4,3,1.0,2.1147491822173445
373,3.0,Karl,Hein,1,4.0,0.2,3,1.0,2.1147491822173445
489,130.0,Romelle,Donovan,3,4.4,0.1,3,1.0,2.1147491822173445
390,268.0,Cheick,Doucouré,3,4.9,0.0,3,1.0,2.1147491822173445
13,369.0,Freddie,Woodman,1,3.9,0.2,3,1.0,2.1147491822173445
467,746.0,Kieran,Morrison,3,4.5,0.0,3,1.0,2.1147491822173445
472,774.0,Jenson,Jones,2,4.0,0.0,2,1.0,2.1147491822173445
23,618.0,Guido,Rodríguez,3,4.8,0.0,1,1.0,2.1147491822173445
19,536.0,Leo Fuhr,Hjelde,2,4.0,0.0,2,1.0,2.1147491822173445
24,619.0,Luis Guilherme,Lira dos Santos,3,4.9,0.0,1,1.0,2.1147491822173445
395,397.0,Darwin,Núñez Ribeiro,4,6.5,0.1,3,1.0,2.1147491822173445
25,622.0,Lewis,Orford,3,4.4,0.1,1,1.0,2.1147491822173445
400,518.0,João Pedro,Ferreira da Silva,3,5.4,0.0,3,1.0,2.1147491822173445
474,798.0,Danny,Imray,2,4.0,0.0,3,1.0,2.1147491822173445
480,28.0,Ismeal,Kabia,3,4.5,0.1,3,1.0,2.1147491822173445
479,27.0,Reiss,Nelson,3,4.8,0.1,3,1.0,2.1147491822173445
477,15.0,Josh,Nichols,2,3.7,0.3,3,1.0,2.1147491822173445
50,127.0,Gustavo,Nunes Fernandes Gomes,3,4.9,0.0,3,1.0,2.1147491822173445
518,486.0,Anthony,Elanga,3,6.5,2.7,3,1.0,2.1129461215154652
97,49.0,Leon,Bailey,3,5.5,0.1,3,1.0,2.111913227442695
739,284.0,Eddie,Nketiah,4,5.4,0.3,3,1.0,2.1040595002745355
195,737.0,Jonah,Kusi-Asare,4,4.5,0.1,4,1.0,2.1031544830615316
260,786.0,Alfie,McNally,1,4.0,0.0,4,1.0,2.1031544830615316
157,770.0,Seth,Ridgeon,3,4.5,0.0,4,1.0,2.1031544830615316
665,327.0,Andreas,Hoelgebaum Pereira,3,5.3,0.1,4,1.0,2.1031544830615316
558,315.0,Steven,Benda,1,4.0,0.0,4,1.0,2.1031544830615316
255,664.0,Benjamin,Lecomte,1,3.9,0.7,4,1.0,2.1031544830615316
394,323.0,Samuel,Amissah,2,3.8,0.1,4,1.0,2.1031544830615316
228,321.0,Jorge,Cuenca Barreno,2,4.3,0.1,4,1.0,2.1031544830615316
308,731.0,Kevin,Santos Lopes de Macedo,3,5.7,0.1,4,1.0,2.1031544830615316
288,333.0,Martial,Godo,3,4.5,0.0,4,1.0,2.1031544830615316
334,336.0,Harrison,Reed,3,4.3,0.3,4,1.0,2.1031544830615316
788,334.0,Luke,Harris,3,4.5,0.0,4,1.0,2.1031544830615316
676,635.0,Rodrigo,Martins Gomes,2,4.4,0.1,2,1.0,2.100770716535703
481,30.0,Kai,Havertz,4,7.3,0.5,3,1.0,2.0969909574056382
204,42.0,Andrés,García,2,3.9,0.2,3,1.0,2.094316127330344
702,296.0,Nathan,Patterson,2,4.4,0.0,3,1.0,2.094316127330344
21,571.0,Ben,Davies,2,4.3,0.1,3,1.0,2.094316127330344
205,48.0,Youri,Tielemans,3,5.9,0.6,3,1.0,2.094316127330344
20,567.0,Antonín,Kinský,1,3.9,1.6,3,1.0,2.094316127330344
225,306.0,Callum,Bates,3,4.3,0.1,3,1.0,2.094316127330344
710,481.0,Alex,Murphy,2,3.8,0.7,3,1.0,2.094316127330344
201,818.0,James,Wilson,4,4.5,0.0,3,1.0,2.094316127330344
17,419.0,Jack,Grealish,3,6.3,5.7,3,1.0,2.094316127330344
196,781.0,TJ,Carroll,2,4.0,0.0,3,1.0,2.094316127330344
761,655.0,Fábio,Soares Silva,4,4.9,0.2,2,1.0,2.094316127330344
805,566.0,Brandon,Austin,1,3.9,0.3,3,1.0,2.094316127330344
185,479.0,Emil,Krafth,2,4.3,0.0,3,1.0,2.094316127330344
760,650.0,Tawanda,Chirewa,3,4.3,0.2,2,1.0,2.094316127330344
765,767.0,Luke,Rawlings,3,4.5,0.0,2,1.0,2.094316127330344
758,579.0,Son,Heung-min,3,8.5,0.1,3,1.0,2.094316127330344
93,777.0,Temple,Ojinnaka,3,4.5,0.0,2,1.0,2.094316127330344
114,289.0,Harry,Tyrer,1,3.9,0.1,3,1.0,2.094316127330344
115,301.0,Carlos,Alcaraz Durán,3,5.2,0.1,3,1.0,2.094316127330344
116,313.0,Martin,Sherif,4,4.4,0.1,3,1.0,2.094316127330344
92,750.0,James,Rowswell,2,4.0,0.0,3,1.0,2.094316127330344
89,649.0,Boubacar,Traoré,3,5.0,0.0,2,1.0,2.094316127330344
88,640.0,Pedro,Cardoso de Lima,2,4.0,0.4,2,1.0,2.094316127330344
85,583.0,Dejan,Kulusevski,3,6.4,0.0,3,1.0,2.094316127330344
131,472.0,Odysseas,Vlachodimos,1,4.0,0.0,3,1.0,2.094316127330344
84,577.0,Takai,Kōta,2,4.0,0.0,3,1.0,2.094316127330344
78,498.0,Joe,White,3,4.5,0.0,3,1.0,2.094316127330344
139,582.0,Mohammed,Kudus,3,6.4,9.3,3,1.0,2.094316127330344
77,497.0,Lewis,Miley,3,4.4,1.8,3,1.0,2.094316127330344
75,492.0,Antoñito,Cordero Campillo,3,4.9,0.0,3,1.0,2.094316127330344
140,585.0,Rodrigo,Bentancur,3,5.2,0.2,3,1.0,2.094316127330344
786,288.0,Mark,Travers,1,4.2,0.1,3,1.0,2.094316127330344
98,63.0,Kadan,Young,3,4.3,0.5,3,1.0,2.094316127330344
45,62.0,Jamaldeen,Jimoh-Aloba,3,4.5,0.1,3,1.0,2.094316127330344
161,58.0,Boubacar,Kamara,3,4.9,0.2,3,1.0,2.094316127330344
43,34.0,Joe,Gauci,1,4.0,0.1,3,1.0,2.094316127330344
36,754.0,George,Hemmings,3,4.5,0.0,3,1.0,2.094316127330344
178,389.0,Harvey,Elliott,3,5.1,0.2,3,1.0,2.094316127330344
27,630.0,Tom,King,1,3.9,1.2,3,1.0,2.094316127330344
801,495.0,Isaac,Hayden,3,4.5,0.0,3,1.0,2.094316127330344
26,629.0,Daniel,Bentley,1,3.9,0.5,2,1.0,2.094316127330344
720,757.0,Ronnie,Hollingshead,1,4.0,0.0,3,1.0,2.094316127330344
503,308.0,Isaac,Heath,3,4.5,0.0,3,1.0,2.094316127330344
259,765.0,Leo,Shahar,2,4.0,0.0,3,1.0,2.094316127330344
684,745.0,Jun'ai,Byfield,2,4.0,0.0,3,1.0,2.094316127330344
363,710.0,Travis,Patterson,2,3.9,0.2,3,1.0,2.094316127330344
403,576.0,Ashley,Phillips,2,4.0,0.0,3,1.0,2.094316127330344
398,480.0,Jamaal,Lascelles,2,4.3,0.0,3,1.0,2.094316127330344
379,53.0,Donyell,Malen,3,5.1,0.4,3,1.0,2.094316127330344
577,592.0,Mikey,Moore,3,5.0,0.0,3,1.0,2.094316127330344
578,595.0,Callum,Olusesi,3,4.3,0.2,3,1.0,2.094316127330344
579,598.0,Will,Lankshear,4,4.5,0.0,3,1.0,2.094316127330344
582,647.0,Gonçalo Manuel,Ganchinho Guedes,3,5.5,0.0,2,1.0,2.094316127330344
587,753.0,John,Ruddy,1,4.0,0.0,3,1.0,2.094316127330344
588,772.0,Sam,Alabi,3,4.5,0.0,3,1.0,2.094316127330344
362,705.0,Elijah,Campbell,2,3.9,0.1,3,1.0,2.094316127330344
304,639.0,Bastien,Meupiyou Menadjou,2,4.0,0.0,2,1.0,2.094316127330344
591,811.0,Rio,Kyerematen,3,4.5,0.0,3,1.0,2.094316127330344
243,501.0,Sean,Neave,4,4.3,0.3,3,1.0,2.094316127330344
360,703.0,Sam,Proctor,1,3.9,0.6,3,1.0,2.094316127330344
359,653.0,Joe,Hodge,3,4.5,0.0,2,1.0,2.094316127330344
354,589.0,Manor,Solomon,3,5.4,0.0,3,1.0,2.094316127330344
615,298.0,Reece,Welch,2,3.8,0.1,3,1.0,2.094316127330344
617,309.0,Jenson,Metcalfe,3,4.5,0.0,3,1.0,2.094316127330344
618,312.0,Youssef,Ramalho Chermiti,4,4.9,0.1,3,1.0,2.094316127330344
318,65.0,Zépiqueno,Redmond,4,4.5,0.3,3,1.0,2.094316127330344
404,578.0,Luka,Vušković,2,3.9,0.3,3,1.0,2.094316127330344
405,581.0,James,Maddison,3,6.8,0.1,3,1.0,2.094316127330344
406,599.0,Dane,Scarlett,4,4.3,0.5,3,1.0,2.094316127330344
557,307.0,Coby,Ebere,3,4.4,0.0,3,1.0,2.094316127330344
501,297.0,Roman,Dixon,2,3.8,0.2,3,1.0,2.094316127330344
485,60.0,Ben,Broggio,3,4.4,0.2,3,1.0,2.094316127330344
482,43.0,Álex,Moreno Lopera,2,4.0,1.6,3,1.0,2.094316127330344
517,474.0,Fabian,Schär,2,5.2,1.1,3,1.0,2.094316127330344
519,496.0,Garang,Kuol,3,4.4,0.0,3,1.0,2.094316127330344
473,779.0,Braiden,Graham,4,4.5,0.0,3,1.0,2.094316127330344
469,751.0,Yusuf,Akhamrich,3,4.5,0.0,3,1.0,2.094316127330344
459,657.0,Leon,Chiwome,4,4.4,0.0,2,1.0,2.094316127330344
458,651.0,Tom,Edozie,3,4.3,0.4,2,1.0,2.094316127330344
452,484.0,Matt,Targett,2,4.0,0.1,3,1.0,2.094316127330344
451,482.0,Harrison,Ashby,2,3.9,0.1,3,1.0,2.094316127330344
450,471.0,Mark,Gillespie,1,3.9,0.1,3,1.0,2.094316127330344
540,778.0,Ethan,Sutherland,3,4.5,0.0,2,1.0,2.094316127330344
541,790.0,Lucá,Williams-Barnett,3,4.5,0.0,3,1.0,2.094316127330344
544,45.0,Lino,da Cruz Sousa,2,3.8,0.3,3,1.0,2.094316127330344
545,57.0,Lewis,Dobbin,3,5.0,0.0,3,1.0,2.094316127330344
435,294.0,Séamus,Coleman,2,4.2,0.1,3,1.0,2.094316127330344
413,701.0,Triston,Rowe,2,4.0,0.1,3,1.0,2.094316127330344
1,61.0,Leander,Dendoncker,3,4.5,0.1,3,1.0,2.094316127330344
313,766.0,Saheed,Olagunju,2,4.0,0.0,2,1.0,2.094316127330344
361,704.0,Tyler,Onyango,3,4.5,0.0,3,1.0,2.094316127330344
301,590.0,Bryan,Gil Salvatierra,3,4.9,0.0,3,1.0,2.094316127330344
271,56.0,Enzo,Barrenechea,3,5.0,0.0,3,1.0,2.094316127330344
269,33.0,Marco,Bizot,1,4.2,0.4,3,1.0,2.094316127330344
647,51.0,Samuel,Iling-Junior,3,5.5,0.0,3,1.0,2.094316127330344
646,46.0,Yasin,Özcan,2,4.0,0.1,3,1.0,2.094316127330344
265,809.0,Jerome,Abbey,3,4.5,0.0,2,1.0,2.094316127330344
642,768.0,Leon,Routh,2,4.0,0.0,3,1.0,2.094316127330344
258,707.0,Tyler,Dibling,3,5.3,0.0,3,1.0,2.094316127330344
256,667.0,Adam,Aznou,2,4.2,0.1,3,1.0,2.094316127330344
253,652.0,Enso,González Medina,3,4.3,1.2,2,1.0,2.094316127330344
670,483.0,Miodrag,Pivaš,2,3.8,0.4,3,1.0,2.094316127330344
640,719.0,Victor,Lindelöf,2,4.5,0.1,3,1.0,2.094316127330344
673,588.0,Wilson,Odobert,3,5.3,0.0,3,1.0,2.094316127330344
270,35.0,Filip,Marschall,1,4.0,0.0,3,1.0,2.094316127330344
674,594.0,Yang,Min-hyeok,3,4.5,0.0,3,1.0,2.094316127330344
677,641.0,Alfie,Pond,2,3.9,0.9,2,1.0,2.094316127330344
637,702.0,Bradley,Burrowes,3,4.3,0.1,3,1.0,2.094316127330344
679,656.0,Saša,Kalajdžić,4,4.9,0.0,2,1.0,2.094316127330344
635,689.0,Seung-Soo,Park,3,4.3,0.5,3,1.0,2.094316127330344
680,658.0,Nathan,Fraser,4,4.2,1.8,2,1.0,2.094316127330344
682,688.0,James,Wright,1,3.9,0.6,3,1.0,2.094316127330344
462,677.0,Evann,Guessand,3,6.2,0.0,3,1.0,2.0932669177157033
41,25.0,Ethan,Nwaneri,3,5.0,0.1,3,1.0,2.0889569634680387
532,662.0,Cristhian,Mosquera,2,5.3,0.2,3,1.0,2.0874365412958182
542,824.0,Conor,McManus,2,4.0,0.0,3,1.0,2.086956762019355
476,825.0,Finlay,Herrick,1,4.0,0.0,1,1.0,2.086956762019355
687,823.0,Joshua,Stephenson,2,4.0,0.0,3,1.0,2.086956762019355
821,826.0,Riley,Owen,3,4.5,0.0,3,1.0,2.086956762019355
199,804.0,João Victor,de Souza Menezes,2,4.0,0.0,3,1.0,2.0765107575439883
186,489.0,Jacob,Murphy,3,5.9,0.6,3,1.0,2.072499917680042
410,644.0,Jean-Ricner,Bellegarde,3,5.1,0.0,2,1.0,2.0682223371578177
664,317.0,Joachim,Andersen,2,4.5,4.1,4,1.0,2.056592372671602
119,332.0,Saša,Lukić,3,4.9,0.1,4,1.0,2.0439203284136886
600,125.0,Vitaly,Janelt,3,4.9,0.1,3,1.0,2.035081972682501
224,262.0,Chadi,Riad Dnanou,2,4.0,0.0,3,1.0,2.0287434399521733
152,723.0,Jaydee,Canvot,2,4.5,0.2,3,1.0,2.0118420649666264
95,808.0,Tammy,Abraham,4,5.8,0.2,3,1.0,2.011557633697045
132,477.0,Tino,Livramento,2,4.9,1.9,3,1.0,1.9914204669748663
439,367.0,Giorgi,Mamardashvili,1,4.1,0.7,3,1.0,1.990174675458041
22,575.0,Micky,van de Ven,2,4.4,17.8,3,1.0,1.9700563767942505
181,459.0,Manuel,Ugarte Ribeiro,3,4.7,0.1,2,1.0,1.9699909391534005
752,522.0,Ryan,Yates,3,4.7,0.1,3,1.0,1.9699909391534005
717,637.0,Toti,Gomes,2,4.2,0.1,2,1.0,1.9679662413557142
559,331.0,Tom,Cairney,3,4.8,0.0,4,1.0,1.9583962399975874
556,304.0,Tim,Iroegbunam,3,4.8,0.0,3,1.0,1.9530676278197299
627,569.0,Cristian,Romero,2,5.0,3.0,3,1.0,1.952038424802055
226,310.0,Thierno,Barry,4,5.7,0.7,3,1.0,1.9512128097837962
641,728.0,Merlin,Röhl,3,5.0,0.0,3,1.0,1.9495578842664
636,695.0,Jackson,Tchatchoua,2,4.4,0.0,2,1.0,1.9458615835633009
229,326.0,Adama,Traoré Diarra,3,5.1,0.2,1,1.0,1.9357932197098826
341,456.0,Jadon,Sancho,3,5.8,0.2,3,1.0,1.9157334129211576
200,805.0,Lorenzo,Lucca,4,5.4,0.0,3,1.0,1.9059076527096097
716,623.0,Freddie,Potts,3,4.3,0.5,1,1.0,1.9059076527096097
537,734.0,Dilane,Bakwa,3,5.9,0.0,3,1.0,1.9059076527096097
353,586.0,Lucas,Bergvall,3,5.2,0.2,3,1.0,1.8854745978226093
222,243.0,Tyrique,George,3,4.8,0.1,3,1.0,1.8854745978226093
774,135.0,Yoane,Wissa,4,7.3,0.6,3,1.0,1.8854745978226093
818,792.0,Alysson Edward Franco,da Rocha dos Santos,3,5.0,0.0,3,1.0,1.8854745978226093
502,305.0,Harrison,Armstrong,3,4.5,0.1,3,1.0,1.8854745978226093
529,574.0,Destiny,Udogie,2,4.3,0.3,3,1.0,1.8854745978226093
713,548.0,Romaine,Mundle,3,4.9,0.0,2,1.0,1.8797678871703878
345,510.0,Jair,Paula da Cunha Filho,2,4.2,0.1,3,1.0,1.878070852113
810,669.0,Dan,Ndoye,3,5.5,0.7,3,1.0,1.8717099332660918
15,400.0,Stefan,Ortega Moreno,1,4.7,0.2,3,1.0,1.8717099332660918
249,560.0,Wilson,Isidor,4,5.0,1.3,2,1.0,1.8717099332660918
816,718.0,Soungoutou,Magassa,3,5.0,0.0,1,1.0,1.8692959896524868
689,40.0,Tyrone,Mings,2,4.3,0.6,3,1.0,1.8653892599525699
63,290.0,Jarrad,Branthwaite,2,5.3,0.5,3,1.0,1.863864245921721
96,39.0,Ian,Maatsen,2,4.2,0.6,3,1.0,1.8622592817052728
118,325.0,Emile,Smith Rowe,3,5.6,0.5,4,1.0,1.8596638171611273
772,108.0,Kristoffer,Ajer,2,4.4,0.2,3,1.0,1.857678450894808
819,813.0,Nilson,Angulo,3,5.0,0.0,2,1.0,1.8292218761797239
639,714.0,Nick,Woltemade,4,6.7,6.6,3,1.0,1.8235620625193434
64,328.0,Ryan,Sessegnon,3,5.4,0.2,4,1.0,1.8174339570358142
453,491.0,Sandro,Tonali,3,5.3,1.1,3,1.0,1.8081993646853436
509,376.0,Joe,Gomez,2,4.9,0.2,3,1.0,1.770429054225192
644,10.0,Myles,Lewis-Skelly,2,5.0,1.4,3,1.0,1.7438714188526656
300,572.0,Radu,Drăgușin,2,4.5,0.0,3,1.0,1.7320000948603267
145,645.0,Fer,López González,3,5.1,0.0,2,1.0,1.7208619005734476
369,796.0,Conor,Gallagher,3,5.0,0.1,3,1.0,1.7095933302358663
543,41.0,Pau,Torres,2,4.3,0.3,3,1.0,1.7079320430735512
154,726.0,Randal,Kolo Muani,4,6.9,0.4,3,1.0,1.6847770604425742
804,561.0,Eliezer,Mayenda Dossou,4,5.2,0.5,2,1.0,1.6761494937259243
73,438.0,Noussair,Mazraoui,2,4.9,0.2,2,1.0,1.6417238579799487
392,320.0,Issa,Diop,2,4.3,0.1,4,1.0,1.6376866006373114
187,587.0,Yves,Bissouma,3,5.2,0.0,3,1.0,1.6344546954467734
651,109.0,Rico,Henry,2,4.3,0.1,3,1.0,1.6077834784992346
28,670.0,Robin,Roefs,1,4.8,7.6,2,1.0,1.6010376071562002
811,673.0,João Maria,Lobo Alves Palhares Costa Palhinha Gonçalves,3,5.5,0.7,3,1.0,1.6006834625804025
293,469.0,Nick,Pope,1,5.0,4.3,3,1.0,1.5887477274780528
